0,ling4
1,jat1,sap1
2,ji6
3,fi1,saam1
4,fo1,sei3
5,m4,m6,ng5
6,luk1,luk6
7,cat1,cat6
8,baat3
9,gau1,gau2,gau6,naai1
A,ei1
B,bi1,bi4,bit1
C,si1
D,di1,di2,dit1
E,i1,ji1,si1
F,e1
G,zi1,zyu1
I,aai1
J,zei1
K,ke1,kei1
L,eu1,lau4
M,em1,en1,ming4,sem1
N,en1
O,fou1,ou1,sou1
P,pi1
Q,kiu1
R,aau1
S,e1
T,ti1
U,ju1
V,wi1
X,ik1
Y,waai1
Z,set1
a,ei1
b,bi1
c,si1
d,di1
e,i1,ji1
g,zi1
i,aai1
k,kei1
m,em1,mit1
o,ou1
p,pi1
q,kiu1
·,dim2
⺮,zuk1
⻊,zuk1
⻍,coek3
。,dim2
〇,ling4
の,zi1
㓟,pai1
㓤,gat1
㔆,caam5
㔷,beng3
㔼,seon2
㕭,aau1,jaau1
㖭,tim1
㖿,je2
㗎,gaa1,gaa2,gaa3,gaa4
㗱,zaap6,zep2,zep4,zep6
㗲,waak1
㗾,hoe1,hoe2,hoe4
㚻,gai1
㜺,zaan2
㞗,gau1
㞘,duk1
㥋,ai1
㧬,ngung2,ung2
㧾,fat1
㨃,deoi2
㨆,lam3,lam6
㨘,saang2
㨢,lang3,nang3
㨴,kin2
㩋,sok1
㩒,am6,gam6
㩧,bok1
㪗,tau2
㬹,zaang1
㮌,min2
㷫,hing3
㷹,zaau3
㾓,jyun1
㿭,caak3
㿺,baau3
䁓,zong1
䁪,zaam2
䁽,laap3
䂻,zaang6
䆡,laang1
䆲,kwaak1,kwaang1
䉺,hong2
䊦,et3,jit3
䏙,dam1
䐁,duk1
䐥,ngong3,ngung3
䐱,zaa6
䖢,saa1
䘆,hyun2
䘒,zoe1,zoe4
䚗,gong3,gong6
䞘,gat6
䟕,caa1
䟴,an3,ngan3
䠄,din2
䡣,wan6
䭤,hin3
䱽,coeng1,cong1
一,jat1
丁,deng1,ding1,ding4
七,cat1
丈,zoeng2,zoeng6
三,saam1,saam3
上,soeng5,soeng6
下,haa2,haa5,haa6
不,bat1
丐,koi3
丑,cau2
且,ce2
世,sai3
丘,jau1
丙,bing2
丞,sing4
丟,diu1,diu2
両,loeng2,loeng5
丢,diu1
並,bing6
丫,aa1
中,zung1,zung3
串,cyun3
丸,jyun2
丹,daan1
主,zyu2
丼,dam2,dong1
乃,naai5
久,gau2
么,jiu1
之,zi1
乍,zaa3
乎,fu4
乏,fat6
乒,bing1,bing4,ling1,ping1
乓,bam1,laang1,paang1
乖,gwaai1
乘,sing4,sing6
乙,jyut6
乜,mat1
九,gau1,gau2
乞,haat1,hat1
也,jaa2,jaa4,jaa5,jaa6,je1
乩,gei1
乪,kek6
乳,jyu5
乸,laa2,naa2,naa4
乾,gon1,kin4
亂,lyun1,lyun2,lyun6
了,liu1,liu5
予,jyu4,jyu5
事,si2,si4,si6
二,ji2,ji6
亍,coet1,cuk1
于,jyu1
云,wan4
互,wu6
五,ng5
井,zeng2
些,se1
亞,aa3
亟,gik1,gik6
亡,mong4
亢,kong3
交,gaau1,kaau1
亥,hoi6
亦,jik6
亨,hang1
享,hoeng2
京,ging1
亭,ting2,ting4,ting5
亮,loeng6
人,jan1,jan2,jan4
亻,jan4
什,sam6,sap6,zaap6,zap3
仁,jan2,jan4,ngan4
仃,ding1
仄,cek1,zak1
仆,fu6,puk1
仇,cau4,kau4,sau4
今,gam1
介,gaai3
仍,jing4
仔,zai1,zai2,zai4,zi2
仕,si6
他,taa1,taa6
仗,zoeng2,zoeng3,zoeng6
付,fu6
仙,sin1
仝,tung4
仞,jan6
仟,cin1
代,doi6
令,lim1,ling2,ling3,ling4,ling6
以,ji5,jyu5
仰,joeng5,ngong5
仲,zung6
仳,pei2
仵,ng5
件,gin2,gin6
任,jam2,jam4,jam6
份,fan2,fan6
仿,fong2
企,kei2,kei5
伉,kong3
伊,ji1,ji4
伍,ng5
伎,gei6
伏,buk2,buk4,buk6,fuk2,fuk6
伐,fat6
休,jau1
伕,fu1
伙,fo2
伯,baak3
估,gu2
伴,bun2,bun6,pun2
伶,ling1,ling4
伸,san1
伺,si6,zi6
似,ci5
伽,gaa1
但,daan6
佇,cyu5
佈,bou3
位,wai2,wai6
低,dai1
住,zi6,zyu2,zyu6
佐,zo1,zo2,zo3,zo6
佑,jau6
佔,zim3
何,ho2,ho4
佗,taa1,to4
佘,se4
余,jyu4
佚,dit6
佛,fat1,fat4,fat6
作,zok3
你,nei5
佢,heoi5,keoi5
佣,jung2
佩,pui3
佬,lou2,lou3
佮,tap1
佯,joeng4
佰,baak3
佳,gaai1
併,bing3,bing6,ping3
佻,tiu1,tiu3,tiu4
佼,gaau2
使,sai2,si2,si3,si5
侃,hon2
侄,zat2,zat6
來,lai4,lei4,loi4
侈,ci2
例,lai6
侍,si6
侏,zyu1
侖,lan4,leon2,leon4
供,gung1,gung3
依,ji1,ji4,ngi1,ngi4,ni1,wi1
侮,mou5
侯,hau4
侲,san5
侵,cam1,cam3
侶,leoi5
侷,guk6
便,bin2,bin6,pin2,pin4
俁,jyu5
係,hai5,hai6
促,cuk1
俄,ngo4
俊,zeon3
俎,ceoi4,zo2
俏,ciu3
俐,lei6
俑,jung2
俗,zuk6
俘,fu1
俚,lei5
保,bou2
俞,jyu4
俠,haap6,hap6
信,seon3
俬,si1
修,sau1
俯,fu2
俱,geoi6,keoi1
俳,paai4
俸,fung2
俾,bei2
倀,caang4,coeng1
倆,loeng5
倉,cong1,cong2
個,go3,go4,go6
倌,gun1
倍,pui5
們,mun4
倒,dou2,dou3,dou6
倔,gwak6,gwat6
倖,hang6
倘,tong2
候,hau2,hau4,hau6
倚,ji2
倜,tik1
借,ze3
倡,coeng1,coeng3
倦,gyun6
倩,sin6
倪,ngai4,ngai6
倫,lan4,leon4
倭,wo1
倮,lo4
值,zik6
偃,jin2
假,gaa1,gaa2,gaa3
偈,gai2
偉,wai5
偌,je6
偎,wui1
偏,pin1
偕,gaai1,haai4
做,zou6
停,ting2,ting4
健,gin6
側,zak1
偵,zing1
偶,ngau5
偷,tau1
偽,ngai6
傀,faai3
傅,fu2,fu6
傍,bong6,pong4
傑,git6
傘,saan3
備,bei2,bei6
傚,haau6
傝,daap3
傢,gaa1
催,ceoi1
傭,jung4
傲,ngou6
傳,cyun4,zyun2,zyun6
債,zaai3
傷,soeng1
傻,so4
傾,king1
僂,lau5
僅,gan2
僆,leng1
像,zoeng6
僑,kiu4
僕,buk6
僚,liu4
僥,hiu1
僧,zang1
僭,cim3,cim5
僮,zong6
僱,gu3
僵,goeng1
價,gaa3
僻,pik1
儀,ji4
儂,laang1,nung4
億,jik1
儆,geng6,ging2
儈,kui2
儉,gim6
儐,ban1,ban3
儒,jyu4
儕,caai4,cai4
儘,zeon2,zeon6
償,soeng4
儡,leoi5
優,aau1,jaau1,jau1
儲,cou5,cyu5,cyu6
儳,caam6
儷,lai6
儻,tong2
儼,jim5
兀,ngat6,nget4,nget6
允,wan5
元,jyun4
兄,hing1
充,cung1
兆,siu6
兇,hung1
先,sin1
光,gwong1,gwong4
克,haak1,hak1
免,min5
兑,deoi3
兒,ji1,ji4
兔,tou3
兜,dau1,doe3,dou1
兢,ging1
入,jap6
內,noi2,noi3,noi6
全,cyun1,cyun4
兩,loeng2,loeng4,loeng5
八,baat3
公,gung1,gung4
六,luk1,luk2,luk6
共,gung4,gung6
兵,bing1
其,kei4
具,geoi6
典,din2
兼,gim1
冀,kei3
円,jen1
冇,mou2,mou4,mou5
冉,jim5
冊,caak3
再,zoi3
冒,mou6
冕,min5
冖,mik6
冗,jung2
冚,haam6,ham2,ham4,ham6,kam2
冠,gun1,gun3
冢,cung2
冤,jyun1,jyun3
冥,ming5
冧,lam1,lam3,lam6,nam1
冪,mik6
冫,bing1
冬,dung1
冰,bing1
冶,je5
冷,laang1,laang5,lang1
冼,sin2
凄,cai1
准,zeon2
凈,zing6
凋,diu1
凌,ling4
凍,dung3
凜,lam5
凝,jing4
几,gei1
凡,faan4
凭,bang6
凰,wong4
凱,hoi2,kaai1
凳,dam3,dam4,dang3
凶,hung1
凸,dat6
凹,aau3,lap1,nap1
出,ceot1,cet1,cyut1
凼,tam5
函,haam4
刀,dou1
刁,deu1,diu1
刃,jan6
分,fan1,fan2,fan6
切,cai3,cit1,cit3,jit1
刊,hon1,hon2
刎,man5
刑,jing4
划,waa1
列,laat3,lit6
初,co1
判,pun3
別,bit3,bit6
刨,paau2,paau4
利,lai2,lai6,lei2,lei6
刪,saan1
刮,gwaat3
到,dou2,dou3
制,zai1,zai3
刷,caat2,caat3
券,gyun3,hyun3
刺,ci3,cik3,sik3
刻,haak1,hak1,kaak1,kak1
剁,doek1,doek3
剃,tai3
則,zak1,zik1
削,soek3
剋,haak1,hak1
剌,laai1
前,ci4,cin4
剎,saat3
剒,cok3
剔,tik1
剖,fau2,pau2
剛,gong1
剝,mok1
剩,sing6,zing6
剪,zin2
副,fu3,fu4
割,got3
創,cong3
剷,caan2
剽,piu5
剿,ziu2
劃,waak6
劇,kek6
劈,pek3,pek6
劉,lau4
劊,kui2
劍,gim3
劏,tong1
劑,zai1
劖,caam5
力,lei1,lik1,lik6
功,gung1
加,gaa1,gaa3
劣,lyut1,lyut3,lyut6
助,zo6
努,lou5,nou5
劫,gip3
劾,hat6
勁,ging3,ging4,ging6
勃,but6
勇,jung5
勉,min5
勒,laak6,lak6,lat6
動,dung6
勘,ham1,ham3
務,mou6
勛,fan1
勝,sing1,sing3
勞,lou1,lou2,lou4
募,mou6
勢,sai3
勤,kan4
勳,fan1
勵,lai6
勸,hyun3
勹,baau1
勺,soek3,zoek3
勻,wan4
勾,ngau1
勿,mat6
包,baau1,bau6
匆,cung1
匈,hung1
匕,bei3,bei6
化,faa2,faa3
北,baak1,bak1
匙,ci4,si4
匠,zoeng6
匡,hong1
匣,gaap2,haap2,haap6
匪,fei2
匯,wui6
匱,gwai6
匹,pat1
匾,bin2
匿,nei1,nik1
區,au1,keoi1
十,aa6,sap1,sap6
千,cin1
升,sing1
午,ng5
卉,wai2
半,bun3
卍,maan6
卑,bei1
卒,cyut3,zeot1
卓,coek3,coet1
協,hip3
南,laam4,naam4,nam4
博,bok3
卜,bok1,buk1,buk2,buk4,buk6,pok1,pot1
卞,bin6
占,zem1,zim1
卡,kaa1,kaa3,kaa4,kaa6,kaak1,kaat1,kik1
卦,gwaa3
卧,ngo6
卯,maau5
印,jan3,ngan3
危,ngai2,ngai4
即,ze1,zek1,zik1
卵,leon2
卷,gyun2
卸,se3
卻,koek3
卼,ngat6
卿,hing1
厄,aak1,ak1
厘,lai4,lei1,lei2,lei4
厚,hau5,hau6
原,jyun4
厥,kyut3
厭,jim1,jim3
厲,lai2,lai6,lei6
厴,jim2
去,heoi2,heoi3
厾,duk1
叁,saam1
參,caam1,cam1,sam1
又,jau6
叉,caa1
及,gap6,kap6
友,jau2,jau5
反,faan2,faan6
叔,suk1
取,ceoi2
受,sau3,sau6
叛,bun6
叟,sau2
叠,daap6,dep6,dip6
叢,cung4
口,hau1,hau2,hau4
古,gu1,gu2,gu4
句,geoi3,ngau1
另,ling6
叨,dou1,tou1
叩,kau3
只,zi2
叫,giu3,kiu3
召,ziu6
叭,baa1,baa2,baa4,paa1
叮,deng1,ding1,ding4
可,haak1,hak1,ho2,ho4,ho5,ko1
台,toi2,toi4
叱,cik1,cik4
史,si2
右,jau2,jau6
叵,bo1,po2
叶,hip6,jip6
司,si1,si2
叻,lak3,lek1,lik1
叼,diu1
叾,duk1
吃,gat6,hek3
各,gok3
合,gaap3,gap3,hap6,ho4
吉,gat1,git6
吊,diu3,tiu2,tiu4
吋,cyun3
同,tung4,tung5
名,meng2,ming4
后,hau6
吏,lei6
吐,dat6,tou2,tou3,tu1
向,hoeng3
吒,caak1,zaa1
吓,haa2,haa5
吔,jaa1,jaa2,jaa3,jaa4,jaa5,jaa6,jaak3
吖,aa1,ngaa1
君,gwan1
吝,leon6
吞,tan1
吟,am4,jam4,ngam4
吠,fai6
吡,bei2
否,fau2,pei2
吧,baa1,baa2,baa4,baa6
吩,fan1
含,ham2,ham4,ham6
吮,syun2,syun5
吱,zi1,zi4
吳,ng4
吵,caau2
吶,naap6,nap6
吸,kap1
吹,ceoi1,ceoi3
吻,man5
吼,haau1,hau1,hau4
吽,hung1,ngau6
吾,ng4
呀,aa3,aa4,aa5,aa6,jaa3,jaa4,jaak3,ngaa1
呂,leoi5
呃,aak1,aak3,ngaak1
呆,daai1,ngoi4
呈,cing4
告,gou3,guk1
呍,wan6
呎,cek3
呐,naap3
呔,taai1,taai5
呠,but1,but4
呢,le1,le2,le4,li1,ne1,nei1,ni1
呤,ling1,ling2,ling3,ling4
呥,jam1
周,zau1
呯,baang4,beng4
呱,gwaa1,gwe1,gwek2,gwek4
味,mei2,mei6
呵,ho1
呷,haap3
呸,pei1
呻,san1,san3
呼,fu1
命,meng6,ming6
咀,zeoi2
咁,gam1,gam2,gam3,gam4
咄,cyut3,dat1
咆,paau4
咇,bi1,bip1,bit1
咋,za6,zaa1,zaa2,zaa3,zaa4,zaa5,zaa6
和,wo4,wo6
咎,gau3
咐,fu3,fu6
咑,daa2,daak1,daak6
咒,zau3
咓,aa5
咔,kaa4
咕,bu4,gu1,gu2,gu4,ku1
咖,gaa3
咗,zo1,zo2
咚,dung1
咤,caak1,caak4,caat4
咦,ji1,ji2,ji4,ji6,ngi1,ngi4
咧,le4,le5,lit1
咨,zi1
咩,me1
咪,mai1,mai5,mai6,mei1,mi1,mi4
咫,zi2
咬,ngaau5
咭,kaa1,kaat1
咯,gok1,gok2,gok3,gok4,gok6,lo3,lok1,lok3
咱,zaa1
咳,kak1,kat1
咸,haam4,ham4
咹,on1
咻,hiu1
咽,jin1
咿,ji1,ji2,ji4,ngi1,ngi4
哀,oi1
品,ban2
哄,hung3,hung6
哆,doe1
哇,waa1
哈,haa1
哉,zoi1
哋,dei2,dei6,di4
响,hoeng2
哎,aai1,ai1
哏,gang2
哚,doe1,doe4
員,jyun4
哣,dau6
哥,go1,go4
哦,ngo4,o2,o3,o4,o5,o6
哨,saau3,saau4,saau6
哩,le1,le5,lei1,lei2,lei5,li1,li4
哪,naa4,naa5
哬,hoe4
哭,huk1
哮,haau1
哲,zit3
哺,bou6
哼,hang1,hm1,hng1
哽,ang2,gang2,kang2,ngang2,ngang4
哿,go4,go6
唁,jin6
唂,guk1
唅,ngam4
唆,so1
唇,seon4
唉,aai1,aai2
唎,lei1,li1
唏,hei1,hei5
唐,tong4
唓,ce1,ce2
唔,m1,m3,m4,m6,ng4
唚,cam3
唞,tau2
唥,laang1,laang4,laang6,lang1,lang3
唧,zek1,zet4,zik1,zit1
唨,zo2
唪,baang6
售,sau6
唯,wai2,wai4
唱,coeng3
唳,leoi6
唵,aan1
唶,ze1
唷,jo1,jo3
唸,nim6
唾,to3,toe3,toe5
啃,kang2
啄,doek1,doek3,doeng1
啅,coek1,coek3
商,soeng1
啊,aa3
啋,coi1
問,man6
啓,kai2
啖,daam6
啜,zyut1,zyut3
啝,wo4
啞,aa2
啡,fe1,fe4,fe5
啣,haam4,ham4
啤,be1,be4,bet4,bet6,bi1,bi4,bit1,pe1,pe5
啥,saa2
啦,laa1,laa2,laa4,naa1
啩,gwaa3
啪,baak1,paak1,paak4
啫,ze1,zek1,zoe1,zoe4
啱,aam1,ngaam1
啲,di1,di2,di4,dit1
啵,bo3
啶,ding6
啷,long1,long2
啹,goe1,goe4
啼,tai4
喀,gaa2,gaa4,haak3,kaa4
喂,wai2,wai3,wei2,wei3
喃,naam4
善,sin6
喇,laa1,laa3,laak3
喉,hau4
喊,haam3
喋,dip6
喎,wo1,wo3,wo4,wo5
喐,juk1
喑,am6
喔,o1
喘,cyun2
喙,fui3
喚,wun6
喜,hei2
喝,hot3
喧,hyun1
喪,song1,song3
喫,hek3,jaak3
喬,kiu4
喭,jin6
單,daan1,sin4,sin6
喱,le1,lei1,lei2,li1,nei1
喲,jo1,jo3
喳,caa2,caa4,caa5,zaa1,zaa2,zaa4
喵,maau1,meu1,miu2
喺,hai2
喻,jyu6
喼,gip1
嗄,haa2
嗅,cau3,hung3
嗇,sik1
嗌,aai3,ngaai3
嗍,sok3
嗎,maa1,maa3
嗑,hap6
嗒,daap1,daap6,dap1,dep1
嗓,song1
嗗,gut2,gut4,gut6
嗚,wu1
嗜,si3
嗝,oek4,oet4,oet6
嗟,ze4
嗡,jung1
嗣,zi6
嗤,ci1
嗦,so1,sok2,sok4
嗨,haai1
嗩,so2
嗬,ho2
嗮,saai3
嗯,m2,m3,m6
嗰,go1,go2,go4,gwo4
嗱,laa2,laa4,laa5,naa2,naa4
嗲,de1,de2,de4,doe2,doe4
嗶,bi1,bi4,bit1
嗷,ngou4
嗻,ze1,zoe1
嗽,sau3
嘀,dik1
嘅,ge2,ge3
嘆,taan3,taan6
嘈,cou4
嘉,gaa1
嘌,piu1
嘍,lau3,lau4,lo3
嘎,gaa4
嘔,au2
嘖,zik1
嘗,soeng4
嘚,daak1
嘛,faa5,maa1,maa3,maa4,maa5
嘜,mak1
嘞,laak1,laak3
嘟,dut1,dut6,dyut1,dyut6,lyut1
嘢,je5
嘥,saai1
嘧,mat6
嘩,waa1,waa3
嘭,baang2,baang4,bam4,beng4
嘮,lou4
嘯,siu3,siu6
嘰,gi1,gi4
嘲,zaau1
嘴,zeoi2
嘵,hiu1
嘶,sai1,si1
嘸,mo4
嘹,liu4
嘺,kiu2
嘻,hei1,hi1
嘿,hei1
噁,ok3,wu3
噃,bo3
噆,cam3,cam4
噈,zuk6
噉,gam2
噌,zang1
噍,zeu6,ziu6
噎,ik1
噏,ap1,ngap1
噒,leon1
噓,heoi1,hoe1
噗,pok1
噚,cam3,cam4
噢,ou3
噤,gam3,kam1
器,hei3
噩,ngok6,ok3
噪,cou3
噫,ji2
噬,sai4,sai6
噱,coek3,koek6
噴,pan3
噶,gaa1,gaa3,ge3,got3
噸,deon1
噹,dong1,dong3,dong6,dung3
噼,pek1,pek6,pet1,pet6
嚇,haak3
嚎,hou4
嚏,ci1,tai3
嚐,soeng4
嚒,mo1
嚓,caak4,caat4
嚕,lou1,lou3,lou6,lu3,lu4,lut4
嚙,ngaat6,nget4,nget6
嚟,lai2,lai4,lei4,li1,li4
嚡,haai4
嚤,mo1
嚥,jin3
嚨,lung4
嚮,hoeng2,hoeng3
嚱,he2,hei5
嚴,jim4
嚷,joeng6
嚹,laa3
嚼,zoek3
嚿,gau2,gau6
囂,hiu1
囈,ai1,ngai1
囉,lo1,lo3,lo4
囊,long4,nong2,nong4,nong6
囌,sou1
囍,hei2
囑,zuk1
囖,lo1
囗,hau2
囚,cau4
四,sei3,si3
囝,zai2,zai4
回,wui4
囟,seon2,seon3
因,jan1
囡,neoi1,neoi2,neoi4
囤,tyun4
囧,gwing2
囪,cung1,tung1
困,kwan3,wan3
囱,cung1,tung1
囹,ling4
固,gu3,gu4
囿,aau1,jaau1
圃,pou2
圄,jyu5
圈,hyun1
國,gok3,gwok3,kwok3
圍,waai4,wai4
園,jyun2,jyun4
圓,jyun2,jyun4
圖,tou4
團,tyun4
圜,waan4,won1
土,tou2
在,zoi2,zoi6
圭,gwai1
圮,pe5
地,dei2,dei6,di4
圳,zan3
圾,saap3
址,zi2
均,gwan1
坊,fong1
坎,ham1,ham2,kaan2
坐,co5,zo5,zo6
坑,haang1
坡,bo1,po1
坤,kwan1
坦,taan2
坪,ping4
坳,aau3,ngaau3
坷,ho1
坺,pet6
坼,caak3
垂,seoi4,soe4
垃,laap6
型,jing4
垢,gau3
垣,wun4
垮,kwaa1
垽,ngan6
埂,gang2
埃,aai1,oi1
埄,pung1
埋,maai4
城,seng2,seng4,sing4
埔,bou3,bou6,pou4
埕,cing4
埗,bau6,bou2,bou3,bou6
埞,deng6
域,wik6
埠,bou6,fau6
埲,bung6
執,zap1
培,pui4
基,gei1,gi6
堂,tong2,tong4
堅,gin1
堆,deoi1
堇,gan2
堡,bou2
堤,tai4,tai6
堪,ham1
堯,jiu4
報,bou2,bou3,bou5
場,coeng2,coeng4
堵,dou2
塊,faai3
塌,taap3
塑,sok3,sou3
塒,zi6
塔,taap3
塗,to4,tou4
塘,tong4
塚,cung2
塞,coi3,sak1,zat1
塢,ou3
填,tin4
塵,can4
塹,cim3
塾,suk6
境,ging2
墅,seoi5,seoi6
墈,ham3
墊,din2,din3,din6,zin1,zin2,zin3
墓,mou6
墜,zeoi2,zeoi6
增,zang1
墟,heoi1
墨,mak1,mak2,mak6
墩,dan1,dan2
墮,do6,doe3,doe6
墳,fan4
墻,coeng4
墾,han2
壁,bek3,bik1
壅,ngung1,ung1
壆,bok3
壇,taan4
壓,aat3,ngaat3,ngaat6
壘,leoi4,leoi5
壞,kwaai4,waai2,waai6
壟,lung5
壢,lek6
壤,joeng6
壩,baa3
士,si2,si4,si6
壬,jam4,jam6
壯,zong3,zong6
壹,jat1
壺,wu2,wu4
壽,sau6
夏,haa6
夔,kwai4
夕,zik6
外,ngoi2,ngoi6
夙,suk1
多,do1,doe1
夜,je2,je6
夠,gaau3,gau2,gau3,hau3
夢,mung6
夤,jan4
夥,fo2
大,daai1,daai2,daai6
天,tin1
太,taai2,taai3
夫,fu1,fu2
夭,jiu1
央,jaang1,joeng1
失,sat1
夷,ji4
夾,gaap2,gaap3,gap3,gap6,gep2,gep6,gip2,gip6
奀,an1,ang1,ngan1
奄,am1,jim1,jim2
奅,paau3
奇,gei1,ke4,kei4
奈,noi6
奉,fung2,fung6
奎,kwai1
奏,zau3
奐,wun6
契,kai3,kit3
奓,caa3
奔,ban1
奕,jik6
套,tou2,tou3
奚,hai4
奠,din6
奢,ce1
奧,ou3
奪,dyut6
奮,fan5
女,jyu5,neoi1,neoi2,neoi4,neoi5
奴,nou4
奶,laai2,naai1,naai2,naai4,naai5
奸,gaan1
她,taa1
奼,caa3,zaa3
好,hou2,hou3
如,jyu4
妃,fei1
妄,mong5
妍,jin4
妒,dou3,dou6
妓,gei6
妖,jiu1,jiu2
妗,kam5
妙,miu2,miu6
妝,zong1
妞,nau2
妥,to5
妨,fong4
妮,nei4
妯,zuk6
妳,nei5
妹,mui1,mui2,mui4,mui6
妻,cai1
妾,cip3
姆,mou5
姊,ze2,zi2
始,ci2
姍,saan1
姐,ze1,ze2,ze4
姑,gu1
姓,sing1,sing3
委,wai1,wai2
姚,jiu4
姜,goeng1
姣,gaau2,haau4,haau6
姥,lou5,mou5
姦,gaan1
姨,ji1,ji4
姩,lin1,nin1
姪,zat2,zat6
姬,gei1
姻,jan1
姿,zi1
威,waai1,wai1
娃,waa1,waa4
娉,ping1
娌,lei5
娓,mei5
娘,loeng1,loeng2,noeng1,noeng2,noeng4
娛,jyu4
娜,naa4,no2,no5
娟,gyun1
娥,ngo4
娩,min5
娶,ceoi2,cou2
娼,coeng1
娿,o1
婀,o2
婄,pau3
婆,po1,po2,po4
婉,jyun2
婊,biu2
婚,fan1
婢,pei5
婦,fu5,pou5
婪,laam4
婷,ting4
婿,sai3
媌,maau4
媒,mui2,mui4
媚,mei4,mei6
媛,wun4
媲,bei2
媳,sik1
媽,maa1,maa2,maa4,maa5
媾,gau3,kau1
嫁,gaa3
嫂,sou2
嫉,zat6
嫋,niu1,niu5
嫌,jim4
嫖,piu4
嫗,jyu2
嫡,dik1
嫣,jin1
嫦,soeng4
嫩,nyun6
嫪,gaau6
嫰,nyun6
嫲,maa4
嫵,mou4
嫺,haan4
嫻,haan4
嬉,hei1
嬋,sim4
嬌,giu1
嬡,oi2
嬪,ban3
嬰,jing1
嬲,lau1,lau2,nau1
嬸,sam2
孀,soeng1
孃,noeng2,noeng4
孌,lyun2
子,zi2
孑,diu1,kit3
孓,kyut3
孔,hung2
孕,jan6
孖,maa1
字,zi2,zi6
存,cyun4
孚,fu1
孜,zi1
孝,haau3
孟,maang6
季,gwai3
孤,gu1
孩,haai4
孫,syun1
孭,me1
孰,suk6
孱,saan4
孳,zi1
孵,fu1
學,hok2,hok6
孺,jyu4
孻,laai1
孽,jip6,jit6
孿,lyun1,lyun4
宀,min4
它,taa1
宅,zaak2,zaak6
宇,jyu5
守,sau2
安,on1
宋,sung3
完,jyun4
宏,wang4
宗,zung1
官,gun1
宙,zau6
定,deng6,ding2,ding6
宛,jyun1,jyun2
宜,ji2,ji4
客,haak2,haak3,hak3
宣,syun1
室,sat1
宦,waan6
宮,gung1
宰,zoi2
害,hoi6
宴,jin3
宵,siu1
家,gaa1,gaa4,gaa6
容,jung4
宿,sau3,suk1
寂,zik6
寄,gei3
寅,jan4
密,mat6
寇,kau3
富,fu3
寐,mei6
寒,hon4
寓,jyu6
寞,mok6
察,caat3
寡,gwaa2
寢,cam2
寥,leu1,liu1,liu4
實,sat6
寧,ning4
寨,zaai2,zaai6
審,sam2
寫,se2
寬,fun1
寮,liu2,liu4
寰,waan4
寵,cung2
寶,bo2,bou2,bou4
寸,cyun3
寺,zi2,zi6
封,fung1,pung1
射,se6
將,zoeng1,zoeng3
專,zyun1
尉,wai3
尊,zyun1
尋,cam4
對,deoi2,deoi3
導,dou6
小,siu2
尐,di1
少,siu2,siu3
尖,zim1
尚,soeng2,soeng6
尤,jau4
尬,gaai3
就,a6,zau6
尷,gaam3
尸,si1
尹,wan5
尺,ce1,cek2,cek3
尻,gau1
尼,nei1,nei4,nei5,ni1
尾,mei1,mei2,mei5
尿,niu6
局,guk2,guk6
屁,pei3
屄,bei1,hai1
居,geoi1,goe1
屆,gaai3
屈,gwat6,wat1
屋,uk1
屌,diu2
屍,si1
屎,si2
屏,bing2,peng1,ping4
屐,kek6,ket4
屑,sit3
展,zin2
屘,mei1,mei5
屙,ngo1,o1
屜,tai3
屠,tou4
屢,leoi5
層,cang4
履,lei5
屬,suk6
屯,tyun4
山,saan1
屹,gat4,gat6,ngat6
岋,ngap6
岌,ap6,kap1,ngap6
岑,sam4
岔,caa1,caa3
岡,gong1
岩,ngaam4
岳,ngok6
岸,ngon6
峇,baa1
峋,seon1
峒,dung6,tung4
峙,ci5,zi6
峭,ciu3
峯,fung1
峰,fung1
島,dou2
峻,zeon3
峽,haap6,hap6
崇,sung4
崎,kei1,kei4
崑,kwan1
崔,ceoi1
崖,ngaai4
崗,gong1
崙,leon4
崛,gwat6
崢,zang1
崧,sung1
崩,baang1,bang1
崽,doi1,zoi1
嵌,ham3,ham6
嵩,sung1
嶄,zaam2,zaam3
嶇,keoi1
嶙,leon4
嶺,leng5,ling5
嶼,jyu4,zeoi6
嶽,ngok6
巉,caam4,caam5
巒,lyun4
巔,din1
巖,ngaam4
川,cyun1
州,zau1
巡,ceon4
巢,caau4
工,gung1
左,zo1,zo2
巧,haau2,kiu2
巨,geoi6
巫,mou4
差,caa1,caai1,ci1
己,gei1,gei2,gi1,gi2,gi6
已,ji5
巳,zi6
巴,baa1,baa2,paa4
巷,hong2,hong6
巾,gan1
市,si2,si5,si6
布,bou3,bou6
帆,faan4
希,hei1
帑,tong2
帕,paak3
帖,tip2,tip3
帚,zaau2,zau2
帛,baak6
帝,dai3
帥,seoi3
師,si1
席,zek6,zik6
帳,zoeng3
帶,daai2,daai3,dai3
帷,wai4
常,soeng4
帽,mou2,mou6
幃,wai4
幄,aak1
幅,fuk1
幌,fong2
幕,mok6
幛,zoeng3
幟,ci3
幡,faan1
幢,dung3,dung6,tong4,zong6
幣,bai6
幫,bong1
干,gon1
平,peng4,ping4,ping5
年,nin2,nin4
并,bing6
幸,hang6
幹,gon3
幺,jiu1
幻,waan6
幼,jau3
幽,jau1
幾,gei1,gei2
庇,bei3
序,zeoi6
底,dai1,dai2
庖,paau4
店,dim3
庚,gaang1,gang1
府,fu2
度,dok6,dou2,dou6
座,zo2,zo6
庫,fu3
庭,ting3,ting4
庵,am1
庶,syu3
康,hong1
庸,jung4
庹,dok6
庾,jyu4
廁,ci3
廂,soeng1
廈,haa5,haa6
廉,lim1,lim2,lim4
廊,long2,long4
廓,kwok3
廖,liu6
廚,ceoi4,cyu2,cyu4
廝,si1
廟,miu2,miu6
廠,cong2
廢,fai3
廣,gwong2
廬,lou4
廳,teng1
延,jin4
廷,ting4
廹,baak1
建,gin3
廿,aa6,jaa6,je6
弄,lung3,lung6
弈,jik6
弊,bai6
弋,jik6
式,sik1
弒,si3
弓,gung1
弔,diu3
引,jan4,jan5
弗,fat1,fit1
弘,wang4
弛,ci4
弟,dai2,dai4,dai6,di2,di4
弦,jin4,jyun4
弧,wu4
弩,nou5
弭,mei5
弮,gung1
弱,joek6
張,zoeng1
弶,gong3,gong6
強,goeng6,koeng2,koeng4,koeng5
彆,bit3
彈,daan2,daan6,taan4
彊,koeng4
彌,mei4,mei5,nei1,nei4
彎,waan1,waang1
彗,seoi6
彙,wui6
彝,ji4
形,jing4
彤,tung4
彥,jin6
彩,coi2
彪,biu1
彫,diu1
彬,ban1
彭,paang4
彰,zoeng1
影,jing2
彳,cik1,cit1
彷,fong2
役,jik6
彼,bei2,pei2
彿,fat1
往,wong5
征,zing1
待,doi6
徇,seon1,seon6
很,han2
徊,wui4
律,leot2,leot6
後,hau1,hau6
徐,ceoi4
徑,ging3
徒,tou4
得,dak1,dat1
徘,pui4
徙,saai2
從,cung4,sung1
徠,loi4
御,jyu6
徨,wong4
復,fau6,fuk1,fuk6
循,ceon4
徬,pong4
微,mei1,mei4
徵,zi2,zing1
德,dak1
徹,cit3
徽,fai1
心,sam1,san1
忄,sam1
必,bit1
忌,gei2,gei6
忍,jan2
忐,taan2
忑,tik1
忖,cyun2
志,zi3
忘,mong4
忙,mong4
忟,mang2
忠,zung1
忡,cung1
忤,ng5
忪,sung1
快,faai1,faai3
忱,sam4
忳,tan2,tan4
念,nim6
忽,fat1
忿,fan5,fan6
怎,zam2
怒,nou6,nu1
怔,zing1
怕,paa3
怖,bou3
思,sei3,si1,si3
怠,toi5
怡,ji4
急,gap1
怦,ping1
性,sing3
怨,jyun3
怪,gwaai2,gwaai3,gwai3
怯,hip3
恃,ci5
恆,hang4
恍,fong2
恐,hung2
恒,hang4
恕,syu3
恙,joeng6
恢,fui1
恣,zi3
恤,seot1
恥,ci2
恨,han6
恩,jan1
恪,kok3
恫,dung6
恬,tim4,tim5
恭,gung1
息,sak1,sik1
恰,hap1
恿,jung2
悄,ciu3
悉,sik1
悍,hon5
悒,ngap1
悔,fui3
悖,bui3
悚,sung2
悟,ng4,ng6
悠,jau4
患,waan6
悦,jyut6
您,nei5
悱,fei2
悲,bei1
悴,seoi5,seoi6
悵,coeng3,zoeng3
悶,mun6
悸,gwai3
悼,dou6
悽,cai1
情,cing2,cing4
惆,cau4
惋,jyun2
惑,waak6
惕,tik1
惘,mong5
惚,fat1
惜,sek3,sik1
惟,wai4
惠,wai6
惡,ngok3,ngok6,ok3,wu3
惦,dim3
惰,do6
惱,naau1,nou5
想,soeng2
惴,zeoi3
惶,wong4
惹,je5
惺,sing1
惻,caak1,cak1
愁,sau4
愈,jyu6,jyut6
愉,jyu4,jyu6
愎,bik1
意,ji1,ji2,ji3,ji5
愕,ngok6
愚,jyu4
愛,oi3
愜,hip3
感,gam2
愣,ling6
愧,kwai5
愩,gung3
愾,koi3
慄,leot6,lyut6
慇,jan1
慈,ci4
態,taai3
慌,fong1
慎,san6
慕,mou6,mu1
慘,caam2
慚,caam4
慟,dung6
慢,maan1,maan2,maan6
慣,gwaan3
慧,wai3,wai6
慨,koi3
慫,sung2
慮,leoi6
慰,wai3,wai6
慳,haan1
慶,hing3,hing4
慷,hong1,hong2
慾,juk6
憂,jau1
憊,baai6,bei6
憋,bit3
憎,zang1,zang2
憐,lin4
憑,bang6,beng6,pang4,peng1
憔,ciu4
憚,daan6
憤,fan5
憧,cung1,tung4
憩,hei3
憫,man5
憬,ging2
憮,mou5
憲,hin3
憶,jik1
憾,ham6
懂,dung2
懃,kan4
懇,han2
懈,haai6
應,jing1,jing3
懊,ou3
懞,mung1
懦,no6
懲,cing4
懵,mung2
懶,laan2,laan5
懷,waai4
懸,jyun4
懺,caam3
懼,geoi6
懾,sip3
戀,lyun2,lyun5
戇,ngong6,zong3
戈,go1,gwo1
戊,mou6
戌,seot1
戍,syu3
戎,jung4
成,seng2,seng4,sing2,sing4
我,ngo5
戒,gaai3
戕,coeng4
或,waak6
戙,dung6
戚,cik1
戟,gik1,kik1
戥,dang2,dang6
截,zit3,zit6
戮,luk6
戰,jin3,zin3
戲,hei1,hei2,hei3
戳,cok1,cok3,cop1
戴,daai3
户,wu6
戽,fu3
戾,lai2,leoi6
房,fong1,fong2,fong4
所,so2
扁,bin2,pin1
扅,ji4
扇,sin3
扈,wu6
扉,fei1
扊,jim5
手,sau2,sau5
扌,sau2
才,coi2,coi4
扎,zaat3,zaat6
扐,fik6,lik1
扑,bok1,pok3
扒,paa2,paa3,paa4
打,daa1,daa2
扔,jing4,wing1
托,tok3
扚,dik1
扛,gong1
扠,caa2,caa5
扣,kau3
扤,at1,ngaat6,ngan3,ngat1
扭,nau2
扮,baan3,baan6
扯,ce2
扱,gap6,kap1
扲,am4,ngam4
扳,baan2,maan1,maang1
扶,fu4,fu6
批,pai1
扻,ham2,kam2
扼,aak1,ak1
扽,dan3
找,zaau2
承,sing4
技,gei6
抄,caau1
抆,man2,man3,man5
抉,kyut3
把,baa2,baang2
抌,dam2
抑,jik1
抒,syu1
抓,waa2,zaau2
投,tau4
抖,dau2,dau3,tau2
抗,kong3
折,zit3
抦,bing2
抨,ping4
披,pei1
抬,toi4
抰,joeng1,joeng2
抱,pou5
抳,nei4
抵,dai2
抹,maat3,mut3,mut6
押,aap3,aat3,ngaat3
抽,cau1,jau1
抿,man2,man5
拂,fat1
拃,zaa6
拆,caak3
拇,mou5
拈,lim1,nim1
拉,laa1,laai1,laai4
拋,paau1
拌,bun6
拍,paak2,paak3,paat1
拎,ling1
拏,naa2,naa4
拐,gwaai2
拑,kem4,kim4
拒,keoi5
拓,taap3,tok3
拔,bat4,bat6,mat6
拖,to1
拗,aau1,aau2,aau3,aau4,ngaau1,ngaau2,ngaau3,ngaau4,ngaau5
拘,keoi1
拙,zyut3,zyut6
拚,ping3,pun2,pun3
招,zeu1,ziu1
拜,baai1,baai3
拞,jau1
括,kut3
拭,sik1
拮,gat1,git3
拯,cing2
拱,gung2
拳,kyun2,kyun4
拷,haau1,haau2
拼,peng1,ping1,ping3,pun2,pun3
拾,saap6,sap6
拿,laa2,laa4,laa5,naa2,naa4,naa5,naa6
持,ci2,ci4
挃,zat1
指,zi2
挈,hit3,kit3
按,on3
挐,laa1,naa1
挑,tiu1,tiu2
挖,waa1,waat2,waat3
挘,lyut3
挨,aai1,ngaai4,ngai1
挪,no4
挫,co3
挭,gaang3
振,zan3
挱,saa3
挲,saa3
挹,jap1
挺,ting2,ting5
挼,no4
挽,maan1,waan2,waan5
挾,gip6,hip3
捃,gwan2
捅,tung2
捆,kwan2
捉,zuk1
捋,lyut1,lyut3,lyut6
捌,baat3
捍,hon2,hon5,hon6
捏,nip6
捐,gyun1
捕,bou6
捧,bung2,pung2
捨,se2
捩,lai2,lai6,le2,leoi6,lit6
捫,mun4
据,geoi3
捱,ngaai4
捲,gyun2
捵,din2
捶,ceoi4
捷,zit3,zit6
捺,naat6
捻,lim1,nin2
捽,zeot1
掀,hin1
掁,caang4
掂,dim3,dim6
掃,sou2,sou3
掅,cing3
授,sau6
掉,deu6,diu2,diu4,diu6,tiu2,tiu4
掌,zoeng2
掏,tou4
掐,nin2
排,paa2,paai2,paai3,paai4
掕,lang3,nang3
掖,jik6,jip3
掗,aa6,ngaa6
掘,gwak6,gwang6,gwat6
掙,zaang1,zaang6,zang1
掛,gwaa2,gwaa3
掟,deng3
掠,loek1,loek6
採,coi2
探,taam3,tam3
掣,zai3
接,zip3
控,hung3
推,teoi1
掩,jim2
措,cou3
掬,guk1
掭,tim5
掯,kang3
掰,baai1,baai3
掱,paa4
掹,maan1,maang1,mang1,mang3,mang4
掽,baan6
揀,gaan2
揄,jau1,jyu4
揆,kwai4,kwai5
揇,laam3,naam3,naam5
揈,fang2,fang4,fing3,fing6
揉,jau4
揍,zau3
描,miu4
提,tai4
插,caap3
揖,jap1
揗,tan2,tan4,tang4
揚,joeng2,joeng4
換,wun6
揞,am2,am6,ngam2
揠,aat3
握,aak1,ak1,ngak1
揢,kak1
揣,cyun2
揤,zeot1
揦,laa2,laa5,naa2,naa4
揩,haai1
揪,cau1,zau1
揭,gat1,kit3
揮,fai1
援,wun4
揶,je4
揸,zaa1
揹,bui3
揼,dam1,dam2,dam3,dam4,dam6,dap1,dap6
揾,wan2
搉,kok1
搋,caai1,ci2
損,syun2
搏,bok3,bok6
搐,cuk1
搓,caa1,caai1,co1
搔,sou1
搖,jiu2,jiu4
搗,dou2
搜,sau2
搞,gaau2
搣,mit1,mit6
搥,ceoi2,ceoi4
搦,nik1
搪,tong2,tong4
搬,bun1
搭,daap3,daap6
搰,wat6
搲,waa2,we2,we5
搶,coeng1,coeng2
搽,caa4
搾,zaa3
摀,wu1
摎,laau2
摏,zung1
摑,gwaak3,gwaat3,gwak6,gwang6
摒,bing2
摔,seot1
摘,zaak6
摙,lin2,lin5
摜,gwaan3
摞,leoi1,leoi2
摟,lau1,lau2,lau3,lau5
摥,tong3
摧,ceoi1
摩,mo1,mo2
摯,zi3
摱,maan1
摳,aau1,jau1,kau1
摵,cik1
摷,caau3
摸,mo1,mo2
摹,mou4,mou6
摺,zip3
摻,cam1
摼,hang1
撇,pit3
撈,laau1,laau2,laau4,laau6,lou1
撍,cim4
撏,cim4
撐,caang1,caang3,zaang6
撑,caang1,caang3,zaang6
撒,saat3
撓,aau1,jaau1,naau4,naau5,ngaau1
撕,si1
撚,lan2,nan2,nin2
撜,dang1
撞,zong2,zong6
撟,giu2
撠,kak1,kik1
撤,cit3
撥,but6,put3,put6
撦,ce1
撨,giu2
撩,leu2,leu5,liu1,liu2,liu4
撫,fu2
撬,giu6,kiu3,kiu5
播,bo3
撮,cyut3
撰,zaan3,zaan6
撲,pok3
撳,am6,gam6
撻,daat3,taak1,taat1,taat3,taat6,tet6
撼,ham2,ham6
撾,wo1
撿,gim2
擁,jung2,ngung2,ung2
擂,leoi1,leoi4,leoi6
擄,lou5
擅,sin6
擇,zaak6
擊,gik1
擋,dong2,dong3
操,cou1,cou3
擎,keng4,king4
擏,geng6
擒,kam2,kam4
擔,daam1,daam3,daam6
擗,pek6,pet6
擘,maak1,maak3
擙,ngou1,ou1
據,geoi3
擝,mang1,mang4
擠,zai1
擢,cok3,zok6
擤,sang3
擦,caak4,caat2,caat3,caat4
擪,jaap3,jaap6
擬,ji4,ji5
擯,ban3
擰,ning2,ning6
擱,gok3
擲,caat3,zaak6
擳,zit1
擴,kwok3,kwong3
擷,git3,kit3
擸,laap3
擺,baai2
擻,sau2
擾,jiu2,jiu5
攀,paan1
攊,lik1,nik1
攋,laai2,laai6
攏,lung2,lung5
攔,laan4
攘,joeng5,joeng6
攙,caam1
攜,kwai4
攝,sip1,sip3
攞,lo1,lo2
攢,cyun4,zaan2
攣,lyun1,lyun4
攤,taan1
攪,gaau2,gaau4,gaau6
攬,laam2,laam5
支,zi1
攰,gui6
攵,pok3
收,sau1
攸,jau4
改,goi2
攻,gung1
放,fong3
政,zing3
故,gu2,gu3
效,haau6
敍,zeoi6
敏,man5
救,gau3
敕,cik1
敖,ngou4,ngou6
敗,baai6
教,gaau3
敝,bai6
敞,cong2,tong2
敢,gam2
散,saan2,saan3,saan4
敦,deon1
敨,tau2
敬,ging3
敲,haau1,hau1,hau4
整,zing2
敵,dik6
敷,fu1
數,sou2,sou3
斂,lim2,lim5,lim6
斃,bai6
文,man1,man2,man4
斌,ban1
斐,fei2
斑,baan1
斕,laan4
斗,dau2
料,liu2,liu6
斛,hap6
斜,ce2,ce3,ce4
斟,zam1,zam4
斡,waat3
斤,gan1
斥,cik1
斧,fu2
斫,doek3
斬,zaam2
斯,si1
新,sam1,san1
斲,doek3
斵,doek3
斷,dyun3,dyun5,dyun6,tyun5
方,fong1
於,jyu1
施,si1
旁,pong4
旅,leoi5
旋,syun4
族,zuk6
旗,kei4
旛,faan1
既,ge3,gei3
日,jat2,jat6,mat6
旦,daan2,daan3,daan6
旨,zi2
早,zou2
旬,ceon4
旭,juk1
旮,kaa1,laa1
旯,kaa1,laa1
旱,hon5
旺,wong6
昂,ngong4,ngong5
昆,kwan1
昇,sing1
昌,coeng1
明,ming2,ming4
昏,fan1,wan1
易,ji6,jik6
昔,sik1
星,sing1
映,jing2
春,ceon1
昧,mei6,mui6
昨,zok3,zok6
昭,ciu1
是,si6
時,si2,si4
晃,fong2
晉,zeon3
晌,hoeng2
晏,aan3
晒,saai1,saai3,saai4
晚,maan1,maan5
晝,zau3
晤,ng4,ng6
晦,fui3
晨,san4
普,bou2,pou2
景,geng2,ging2
晰,sik1
晴,cing4
晶,zing1
晷,gwai2
智,zi3
晾,long3,long6
暄,hyun1
暇,haa1,haa4,haa6
暈,wan4
暉,fai1
暑,syu2
暖,lyun5,nyun5
暗,am3
暢,coeng3
暨,kei3
暫,zaam6
暮,mou6
暱,nik1
暴,bou6
暹,cim3
曆,lik6
曇,taam4
曉,hiu1,hiu2
曖,oi2
曙,cyu5
曝,bou6
曠,kwong3
曦,hei1
曬,saai3
曰,joek6
曱,gaat6,zaat2
曲,kuk1
曳,jai1,jai4,jai5,jai6
更,ang3,gaang1,gang1,gang3
曷,hot3
書,syu1
曹,cou4
曼,maan6
曾,cang4,jang4,zang1
替,tai3
最,zeoi3
會,wui2,wui5,wui6
月,juk6,jyut2,jyut6
有,jau5
朋,paang2,pang4
服,fuk6
朔,sok3,sou3
朕,zam6
朗,long5
朘,zoe1,zoe4
望,mong6
朝,ciu4,ziu1
期,kei4
朦,mung4
朧,lung4
木,muk1,muk6
未,mei6
末,mut6
本,bun2
札,zaap3,zaat3
朱,zyu1
朴,po1,pok3
朵,do2,doe1,doe2,doe6
朽,jau2,naau2,nau2,nau5
杆,gon1
杈,caa1,caa5
杉,caam3
李,lei2,lei5
杏,hang6
材,coi4
村,cyun1
杖,zoeng2,zoeng6
杜,dou6
杞,gei2
束,cuk1
杧,mong1
杬,laam2
杭,hong4
杯,bui1
杰,git6
東,dong1,dung1
杳,miu5
杵,cyu2,cyu5
杷,paa4
松,cung4
板,baan2
枇,pei4
枉,wong2
析,sik1
枕,zam2
林,lam2,lam4
枚,mui2,mui4
果,gu2,gwo2
枝,zi1
枯,fu1
枱,toi2,toi4
枳,zat1
枴,gwaai2
架,gaa2,gaa3,gaa4
枷,gaa1
枸,gau2
柄,bek3,beng3,bing3
柏,baak3,paak3,paat1
某,mau5
柑,gam1
柒,cat1,cat6
染,jim5
柔,jau4
柚,jau2
柜,gwai2
柢,dai2
查,caa3,caa4,zaa1
柩,gau3
柬,gaan2
柯,o1
柱,cyu5
柳,lau5
柴,caai4
柵,caak3,saan1
柿,ci2
栓,saan1
栗,leot2,leot6,suk1
校,gaau3,haau6
栢,paak3
栩,heoi2
株,zyu1
核,hat6,wat2,wat6
根,gan1
格,gaak2,gaak3
栽,zoi1
桁,haang4,hong4
桂,gwai3
桃,tou2,tou4
框,kwaak1,kwaang1
案,ngon3,on3
桌,coek3,zoek3
桎,zat6
桐,tung4
桑,song1
桓,wun4
桔,gat1
桶,tung2
桷,gok3
桿,gon1,gon2,gon3
梁,loeng4
梅,mui2,mui4
梆,bong1
梏,guk1
梓,zi2
梗,gang2,kwaang2
梘,gaan2
條,diu1,tiu2,tiu4
梟,hiu1
梢,saau1
梧,ng4
梨,lei2,lei4,lei6
梭,so1
梯,tai1
械,gaai5,haai6,kaai3,kaai4
梱,kwan2
梳,so1
梵,faan4
棄,he3,hei3
棉,min4
棋,kei2,kei4
棍,gwan2,gwan3
棒,paang5
棕,zung1
棖,caang4
棗,zou2
棘,gik1,kik1
棚,paang2,paang4
棟,dung3,dung6
棠,tong4
棧,zaan2
森,sam1
棯,nim1
棱,lang1,lang5,ling4
棲,cai1
棵,po1
棹,zaau6,zau6
棺,gun1
椅,ji2
植,zik6
椎,zeoi1
椏,aa1
椒,ziu1
椗,ding3,ding4
椰,je2,je4
楂,zaa1
楊,joeng4
楓,fung1
楔,sit3
楚,co2
楞,ling4
楣,mei4
業,jip6
極,gik6
楷,gaai1,kaai2
概,koi2,koi3
榃,dam4
榔,long4
榕,jung4
榛,zeon1
榜,bong2
榨,zaa3
榪,maa5
榫,seon2
榮,wing4
榴,lau2,lau4
榷,kok3
榻,taap3
槃,pun4
構,gau3,kau3
槌,ceoi2,ceoi4
槍,coeng1
槐,waai4
槓,gong1,gong3,gong6,gung3,lung2
槤,lin4
槨,gwok3
槳,zoeng2
槽,cou4
樁,zong1,zung1
樂,lok6,ngaau6,ngok6
樊,faan6
樑,loeng2,loeng4
樓,lau2,lau4
樖,po1
標,biu1
樞,syu1
樟,zoeng1
模,mou2,mou4
樣,joeng2,joeng6
樴,dak6
樵,ciu4
樸,pok3
樹,syu2,syu3,syu6
樽,zeon1
橄,gaam3
橇,ceoi3,hiu1
橋,kiu2,kiu4
橕,caang1
橘,gwat1
橙,caang2
橛,gyut6
機,gei1
橡,zoeng6
橢,to5
橫,kei4,waang1,waang4
檀,taan4
檐,jim4
檔,dong2,dong3
檢,gim2
檬,mung1
檯,toi2,toi4
檳,ban1
檸,ling2,ning2,ning4
檻,laam2,laam3,laam6,naam3
櫂,zaau6
櫃,gwaai2,gwai2,gwai6
櫈,dang3
櫓,lou5
櫚,leoi5
櫛,zit3
櫥,cyu4
櫳,lung2,lung4,lung5
櫻,jing1
櫼,zim1
欄,laam2,laan1,laan2,laan4
權,kyun4
欒,lyun4
欖,laam2,laam5
欠,him3
次,ci3
欣,jan1
欲,juk6
欷,hei1
欸,e2,ei2
欺,hei1
欼,ci2
欽,jam1
款,fun2
歃,saap3
歇,hit3,kit3
歉,him3,hip3
歌,go1
歎,taan3
歐,au1
歔,heoi1
歛,lim5,lim6
歡,fun1
止,zi2
正,zeng3,zing1,zing3
此,ci2
步,bou2,bou6
武,mou5
歧,kei4
歪,me2,waai1
歲,seoi3
歷,lik1,lik6
歸,gwai1
歹,daai2
死,sei1,sei2,si2
殀,laai4
殃,joeng1
殄,tin5
殆,toi5
殉,seon1
殊,syu2,syu4
殖,zik6
殘,caan4,caang4
殞,wan5
殤,soeng1
殭,goeng1
殮,lim5
殯,ban3
殲,cim1
段,dyun6
殷,jan1
殺,saat3
殻,hok3
殼,hok3
殽,ngaau4
殿,din6
毀,wai2
毅,ngai6
毆,au2,au3
毋,mou4
母,mou2,mou5
每,mui5
毒,duk1,duk6
比,bei2,bei6
毗,bei2,pei4
毛,mou1,mou4
毫,hou2,hou4
毬,kau4
毯,taam2,taan2
毽,gin3,jin2
氈,zin1
氊,zin1
氏,si6,zi1
民,man4
氓,man4
氕,pit3
氖,naai5
氘,dou1
氚,cyun1
氛,fan1
氟,fat1
氣,he3,hei3,hei6
氦,hoi6
氧,joeng5
氨,on1
氪,hak1
氫,hing1
氬,aa3
氮,daam6
氯,luk6
水,seoi2
氵,seoi2
永,wing5
氹,dam4,dam6,tam2,tam3,tam4,tam5
氼,mei6
氾,faan3,faan5
汀,ding1,ting4
汁,zap1
求,kau4
汆,ceot1,cyun1,fei1,mei6
汐,zik6
汕,saan3
汗,hon4,hon6
汛,seon3
汝,jyu5
汞,hung3,hung6
江,gong1
池,ci4
污,wu1
汪,wong1,wou1
汭,jeoi5,jeoi6
汰,taai3
汲,kap1
汶,man4
決,kyut3
汽,hei3
汾,fan1
沁,sam3
沃,juk1
沈,cam4,sam2
沉,cam4
沊,dam2
沌,dan6
沏,cai3
沐,muk6
沒,mei6,mut6
沓,daap6
沖,cung1
沙,saa1,saa3,saa4
沛,pui3
沫,mut6
沬,mei6
沮,zeoi2
沱,to4
河,ho2,ho4,ho5
沸,fai3
油,jau2,jau4
治,ci4,zi6
沼,ziu2
沽,gu1
沾,dim1,dim3,zim1,zim4
沿,jyun4
況,fong3
泄,sit3
泉,cyun4
泊,bok6,paak3,pok3
泌,bei3
法,faat3
泛,faan3,faan5,faan6
泡,paau1,paau3,peu6,pok1,pou5
波,bo1
泣,jaap1,jap1
泥,nai4
注,zyu3
泯,man5
泰,taai3
泱,joeng1
泳,wing6
泵,bam1
洋,joeng2,joeng4
洒,saa2
洗,sai2,sai3,sin2
洛,lok3,lok6
洞,dung2,dung6
津,zeon1
洪,hung4
洱,lei2
洲,zau1
洶,hung1
活,wut6
洽,hap1
派,paai1,paai3
流,lau2,lau4
浙,zit3
浚,zeon3
浣,wun2
浥,ngap1
浦,pou2,pou4
浩,hou6
浪,long5,long6
浬,lei5
浭,gaang3
浮,fau4,pou4
浴,juk6
海,hoi2
浸,zam3,zam4,zam6
浹,zip3
涂,tou4
涅,nip6
涇,ging1,ging3
消,siu1
涉,sip3
涌,cung1
涎,jin4
涕,tai3
涮,caat3,saan3
涯,ngaai4
液,jik6
涴,wo5
涵,haam4
涸,kok3
涼,loeng2,loeng4
涿,duk1
淆,ngaau4
淇,kei4
淋,lam2,lam4,nam4,nam6
淌,tong2,tong5
淑,suk6
淒,cai1
淘,tou4
淚,leoi6
淝,fe4
淡,daam6,taam5
淤,jyu1
淥,luk6
淨,zeng6,zing6
淪,leon4
淫,jam4
淬,ceoi3,seoi6
淮,waai4
淰,nam6
深,sam1
淵,jyun1
混,wan6
淹,jim1
淺,cin2
添,tim1
清,ceng1,cing1
渙,wun6
減,gaam2
渝,jyu4
渠,keoi4
渡,dou2,dou6
渣,zaa1,zaa2,zaa4
渤,but6
渥,aak1,ak1,uk1
渦,wo1
渧,dai3
温,wan1
測,caak1,cak1
渭,wai6
港,gong2
渲,hyun1,syun1,syun3
渳,mei1
渴,hot3
游,jau4
渺,miu5
渻,saang2
渾,wan1,wan4,wan6
湃,baai3
湊,cau3
湎,min5
湓,pan4
湖,fu2,wu2,wu4
湘,soeng1
湛,zaam3
湧,jung2
湮,jin1
湯,tong1
湴,baan6
溉,koi3
溏,tong4
源,jyun4
準,zeon2
溚,dap6
溜,lau1,lau4,lau6,leu1,leu5,liu1
溝,gau1,kau1,kau3
溢,jat6
溦,mei1
溪,kai1
溯,sok3,sou3
溴,cau3
溶,jung4
溺,nik1
滂,pong4
滄,cong1
滅,mit6
滋,zi1,zi4
滌,dik6
滑,gwat1,waak6,waat2,waat6,wat6
滓,zi2,zoi2
滔,tou1
滕,tang4
滘,gaau3
滬,wu6
滯,zai6
滰,king4
滲,sam3
滴,dik1,dik6
滷,lou5
滾,gwan2
滿,mun5
漁,jyu4
漂,piu1,piu3,piu4
漆,cat1
漏,lau6
漓,lei4
演,jin2,jin5
漚,au3,ngau3
漠,mok6
漢,hon3
漣,lin4
漩,syun4
漪,ji2
漫,maan6
漬,zik1
漮,hong2
漱,sau3
漲,zoeng3
漸,zim2,zim6
漾,joeng6
漿,zoeng1
潑,put3
潔,git3
潘,pun1
潛,cim4
潢,wong4
潤,jeon2,jeon6
潦,liu2,lou5
潭,taam4
潮,ciu4
潰,kui2
潲,saau3
潷,bat1,bei3,fat1,pat1
潸,saan1
潺,saan4
澀,gip3,saap3,saap6
澄,cing4,dang6
澆,hiu1
澈,cit3
澎,paang4
澒,hung6
澗,gaan3
澡,cou3
澤,zaak6
澧,lai5
澩,laau2
澰,lim2
澱,din6
澳,ou3
澹,daam6
激,gik1
濁,zuk6
濃,nung4
濕,sap1
濘,ning4
濛,mung1,mung4
濟,zai2,zai3,zai6
濡,jyu4
濤,tou4
濫,laam5,laam6
濯,zok6
濱,ban1,bun1
濶,fut3
濺,cin2,zin3
濾,leoi6
瀆,duk6,zuk6
瀉,se2,se3
瀋,sam2
瀏,lau4
瀑,buk6
瀕,ban1,pan4
瀚,hon6
瀛,jing4
瀝,laap6,lek6,lik1
瀟,siu1
瀡,soe2,soe4
瀧,lung4
瀨,laai2,laai5,laai6
瀰,nei4
瀾,laan4
灌,gun3
灑,saa2
灒,zaan3
灘,taan1
灣,waan1,waan4
火,fo2
灰,fiu1,fui1
灶,zou3
灸,gau3
灼,coek1,coek3
災,zoi1
炁,hei3
炆,man1,mang2
炊,ceoi1
炎,jim4
炒,caau2
炔,kyut3
炕,hong3,kong3
炖,dan6,deon3
炙,zek3
炩,ling3
炫,jyun4
炬,geoi6
炭,taan3
炮,paau3,pau3
炯,gwing2
炳,bing2
炷,zyu3
炸,zaa3
為,wai2,wai4,wai6
烈,lit6
烊,joeng2
烏,wu1,wu4
烘,hong3,hung3
烙,lok3
烚,hap6,saap3,saap6,sep6
烤,haau1
烯,hei1
烴,ting1
烷,jyun2,jyun4
烹,paang1
烽,fung1
焉,jin1,jin4
焊,hon5,hon6
焗,guk6
焙,bui2,bui3,bui6,pui4
焚,fan4
無,mou3,mou4,mou5
焦,ziu1
焫,naat3
焯,ceot1,coek3
焰,jim6
然,jin2,jin4
煀,wat1
煉,lin6
煌,wong4
煎,zin1
煑,zyu2
煙,jin1,jin2
煜,juk1
煞,saat3
煠,saap6
煤,mui4
煥,wun6
照,ziu3
煨,wui1
煩,faan4
煮,zyu2
煲,bou1
煽,sin3
熄,sik1
熊,hung4
熏,fan1,wan1
熒,jing4
熔,jung4
熙,hei1
熛,biu1
熝,luk6
熟,suk6
熠,jap1,saap6,sep6
熨,tong3,wat1
熬,ngaau4,ngou4
熰,au3
熱,jit6
熾,ci3
燂,taam4
燃,jin4
燄,jim6
燈,dang1
燉,dan3,dan6
燊,sang1
燎,liu4
燐,leon4
燒,siu1
燕,jin1,jin3
燘,man1,mui2
燙,tong1,tong3
燜,man1
營,jing4
燥,cou3
燦,caan3
燧,seoi6
燬,wai2
燭,zuk1
燴,wui6
燶,lung1,nung1
燻,fan1
燼,zeon2,zeon6
爆,baau3,paau3
爉,laap3
爍,lik1,soek3
爐,lou2,lou4
爛,laan2,laan6
爨,cyun3
爩,wat1
爪,zaau2
爬,paa2,paa4
爭,caang1,zaang1,zang1
爵,zoek3
父,fu2,fu6
爸,baa1,baa4
爹,de1
爺,je1,je2,je4
爻,ngaau4
爽,song2
爾,ji5
牀,cong4
牆,coeng4
片,pin2,pin3
版,baan2
牌,paai2,paai4
牒,dip6
牘,duk6
牙,aa2,ngaa2,ngaa4,ngaa6
牛,ngau2,ngau4
牟,maau4,mau4
牠,taa1
牡,maau5
牢,lou4
牧,muk6
物,mat2,mat6
牯,gu2
牲,saang1,sang1
特,dak6,dat6
牽,hin1
犀,sai1
犁,lai4
犖,lak1
犢,duk6
犧,hei1
犬,hyun2
犭,hyun2
犯,faan2,faan6
狀,zong2,zong6
狂,kong4,kwong4
狄,dik6
狎,haap3
狐,wu4
狒,fat1
狗,gau2
狙,zeoi1
狠,han2
狡,gaau2
狩,sau3
狷,gyun1
狸,lei2,lei4
狹,gip6,haap3,haap6
狼,long1,long4
狽,bui3
猄,geng1
猖,coeng1
猙,zang1
猛,maang2,maang5
猜,caa1,caai1
猝,cyut3
猢,wu4
猥,wui1
猩,sing1
猴,hau4
猶,jau4
猷,jau4
猻,syun1
猾,waat6
猿,jyun4
獃,daai1,ngoi4
獄,juk6
獅,si1
獎,zoeng2,zoeng3
獒,ngou4
獗,kyut3
獞,zong6
獠,liu4
獨,duk6
獰,ning4
獲,wok6
獵,lip6
獷,gwong2
獸,sau3
獺,caat3,taat3
獻,hin3
獼,nei4
玀,lo1
玄,jyun4
率,leot2,leot6,seot1
玉,juk2,juk6
王,joeng2,wong2,wong4
玖,gau2
玥,jyut6
玩,waan2,waan4,wun2,wun6
玫,mui4
玲,ling2,ling4
玳,doi6
玷,dim1,dim3,zim1
玻,bo1
珀,paak3
珊,saan1
珍,zan1
珞,lok3
珠,zyu1
珧,jiu4
班,baan1
珮,pui3
珼,mou6,mui6
現,jin2,jin6
球,kau4
琅,long4
理,lei1,lei4,lei5
琉,lau4
琛,sam1
琢,doek3
琥,fu2
琦,kei4
琪,kei4
琳,lam4
琴,kam4
琵,pei4
琶,paa2,paa4
琺,faat3
瑁,mou6,mui6
瑕,haa4
瑙,nou5
瑚,wu4
瑜,jyu4
瑞,seoi6
瑟,sat1
瑣,so2
瑤,jiu4
瑩,jing4
瑪,maa5
瑯,long2,long4
瑰,gwai3
瑾,gan2
璀,ceoi1
璃,lei1
璋,zoeng1
璐,lou6
璞,pok3
璣,gei1
璧,bik1
璨,caan3
璫,dong1
環,waan2,waan4
璺,man6
璽,saai2
瓊,king4
瓏,lung4
瓜,gwaa1
瓠,wu6
瓢,piu1
瓣,baan2,baan6,faan2,faan5,faan6
瓤,nong1,nong4
瓦,aa3,ngaa2,ngaa5
瓶,peng4,peng5,ping4
瓷,ci4
甄,jan1
甌,ngau1
甏,paang1
甕,ngung3,ung3
甖,aang1,ngaang1
甘,gam1
甚,sam6
甜,tim4
生,saang1,saang4,sang1,seng1
產,caan2
産,caan2
甥,saang1,sang1
甦,sou1
用,jung6
甩,lak1,lat1,nan1
甫,bou3,fu2,pou1,pou2,pou3
甭,bat1
田,tin4
由,jau2,jau4,jau5,zaat2
甲,gaap3,gaat6
申,san1
甴,gaat6,zaat2
男,naam4
甸,din1,din6
畀,bei2
界,gaai3
畏,wai3
畔,bun6
留,lau1,lau4
畜,cuk1
畝,mau5
畢,bat1
略,loek2,loek6
番,faan1,pun1
畫,waa2,waa6,waak6
異,ji6
當,dong1,dong3,dong6
畸,kei1
畿,gei1
疆,goeng1
疇,cau4
疊,daap6,dep6,dip6
疋,pat1
疍,daan6
疏,so1,so3
疑,ji4
疒,nik6
疚,gau3
疝,saan3
疤,baa1,naa1
疫,jik6
疱,paau3
疲,pei4
疵,ci1
疸,taan2
疹,can2
疼,tang4,tung3
疾,zat6
疿,fai2
痄,zaa3
病,beng6
症,zing3
痊,cyun4
痍,ji4
痔,zi6
痕,han2,han4
痘,dau2,dau6
痙,ging3,ging6
痛,tung3
痞,pei2
痠,syun1
痢,lei1,lei6
痣,zi3
痧,saa1
痰,taam4
痱,fai2,fei1
痲,maa4
痴,ci1
痶,din2
痹,bei3
痺,bei3
痾,ngo1,o1
痿,wai2
瘀,jyu2
瘁,seoi5,seoi6
瘉,jyu6
瘋,fung1
瘌,laat3,laat6
瘍,joeng4
瘓,wun6
瘕,haa1
瘙,sou3
瘟,wan1
瘡,cong1
瘢,baan1
瘤,lau2,lau4
瘦,sau3
瘧,joek6
瘴,zoeng3
瘸,ke4,koe4
療,liu4
癆,lou4
癇,gaan2
癌,ngaam4
癎,gaan2
癐,gui6
癒,jyu6
癖,pik1
癟,bet4,bet6,bit6
癡,ci1
癢,joeng5
癥,zing1
癦,mak2,mak6
癧,lik6
癩,laai3,laai4,laat3,laat6,naai3,naan3
癪,zik1
癬,sin2,sin5
癮,jan2,jan5
癱,naan3,taan1,taan2
癲,din1
癸,gwai3
登,dang1
發,faak3,faak6,faat1,faat3,faat6
白,baak2,baak3,baak6
百,baak3
皂,zou6
的,dik1
皆,gaai1
皇,wong4
皈,gwai1
皋,gou1
皎,gaau2
皓,hou6
皙,sik1
皮,pei2,pei4,pei5
皰,paau3
皺,caau4,zau3
皿,ming5
盂,gun3,jyu4
盃,bui1
盅,zung1
盆,pun2,pun4
盈,jing4
益,jik1
盎,on1,ong3
盒,haap2,hap2,hap6
盔,kwai1
盛,sing2,sing4,sing6
盜,dou6
盞,aan2,zaan2
盟,mang4
盡,zeon6
監,gaam1,gaam3,gaam6
盤,pun2,pun4
盧,lou4
盪,dong3,dong6
目,muk6
盯,deng1,ding1
盲,maang4,mang1,mang4
直,zik4,zik6
相,soeng1,soeng2,soeng3
盼,paan3
盾,teon5
省,saang2,sing2
眇,miu5
眈,daam1
眉,mei2,mei4
看,hon1,hon3
眛,mei6
真,zan1
眠,min4
眨,zaam2,zaap3
眩,jyun4,jyun6
眯,mei1,mi1
眶,hong1,kwaang1
眷,gyun3
眸,mau4,mau6
眺,tiu3
眼,ngaam2,ngaan2,ngaan5,ngan2
眾,zung3
着,zoek2,zoek3,zoek4,zoek6
睄,saau4
睇,tai2
睏,kwan3
睖,nang4
睛,zing1
睜,zang1
睞,loi4
睡,seoi6
督,duk1
睥,be1
睦,muk6
睩,luk1
睪,gou1
睫,zit3,zit6
睬,coi2
睹,dou2
睺,hau1
睼,tai2
睽,kwai4
睾,gou1
睿,jeoi6
瞄,miu4
瞅,cau1
瞇,mei1,mi1
瞌,hap1,hap6
瞎,hat6
瞑,ming5
瞓,fan3
瞞,mun4
瞠,caang1,tong4
瞥,pit3
瞧,ciu4
瞪,dang1
瞬,seon3
瞭,liu4,liu5
瞰,ham3
瞳,tung4
瞸,hip1,hip3
瞻,zim1
瞼,lim4
矇,mung1,mung4
矋,lai6
矓,lung4
矖,saai3
矗,cuk1
矚,zuk1
矛,maau4
矜,ging1
矢,ci2,si2
矣,ji5
知,zi1,zi3
矩,geoi2
短,dyun2
矮,ai2
矯,giu1,giu2
石,daam3,sek2,sek6
矺,zaak3,zaak6
矽,zik6
砂,saa1
砌,cai3
砍,ham2
砐,ngap6
砒,pei1
研,jin4,ngaan4
砝,faat3
砣,to2,to4
砥,dai2,zi2
砦,zaai6
砧,zam1
砭,bin2
砰,baang4,beng4
砲,paau3
破,po3
砵,but1,but6
砷,san1
砸,zaak3,zaak6
硃,zyu1
硅,gwai1
硒,sai1
硝,siu1
硤,gip3
硫,lau4
硬,ngaang2,ngaang6
确,kak1
硯,jin2,jin6
硼,paang4
碁,kei2,kei4
碇,deng6
碉,diu1
碌,luk1
碎,seoi2,seoi3
碑,bei1
碗,wun2
碘,din2
碟,dip2,dip6
碧,bik1
碩,sek6
碰,pung3
碳,taan3
確,kok3
碼,maa5
碾,nin5,zin2
磁,ci4
磅,bong2,bong6
磊,leoi5
磋,co1
磐,pun4
磚,zyun1
磡,ham3
磨,mo2,mo4,mo6
磯,gei1
磷,leon4
磺,wong4
礁,ziu1
礎,co2
礙,ngoi6
礡,bok6
礦,kwong3
礪,lai6
礫,lik1
礬,faan4
礴,bok6
示,si6
社,se5
祀,zi6
祁,kei4
祂,taa1
祆,hin1
祇,kei4,zi2
祈,kei4
祉,zi2
祐,jau6
祕,bei3
祖,zou2
祝,zuk1
神,san1,san2,san4,san5
祟,seoi6,syu2
祠,ci4,ci5
祢,nei5
祥,coeng4
票,biu1,piu3
祭,zai3
祺,kei4
祿,luk6
禁,gam1,gam3,kam1
禍,wo5,wo6
禎,zing1
福,fuk1
禡,maa6,ngaa4,ngaa6
禦,jyu6
禧,hei1
禪,sim4,sin6
禮,lai5
禱,tou2
禸,jau2
禹,jyu5
禺,jyu4
禽,kam4
禾,wo4,wo5
禿,tuk1
秀,sau3
私,si1
秉,bing2
秋,cau1
科,fo1
秒,miu5
秘,bei3
租,zou1
秤,cing3,ping4
秦,ceon4
秧,joeng1
秩,dit6
移,ji4
稀,hei1
稈,gon2
程,cing4
稍,saau2
税,seoi3
稔,nam5,nam6,nim1
稚,zi6
稜,ling4
稟,ban2
稠,cau4
種,zung2,zung3
稱,cing1,cing3
稷,zik1
稻,dou6
稼,gaa3
稽,kai1
稿,gou2
穀,guk1
穆,muk6
穌,sou1
積,zik1
穎,wing6
穗,seoi6
穢,wai3
穩,wan2
穫,wok6
穴,jyut6
究,gau3
穹,hung1,kung4
空,hung1
穿,cyun1
突,dat6
窄,zaak3
窈,jiu2,miu5
窒,zat6
窕,tiu5
窖,gaau3
窗,coeng1
窘,kwan3
窟,fat1
窩,wo1
窪,waa1
窬,jyu2
窮,kung4
窯,jiu4
窺,kwai1
窿,lung1,lung2
竄,cyun2,cyun3
竅,hiu3,kiu3
竇,dau3,dau6
竈,zou3
竉,lung1
竊,sit3
立,laap2,laap3,laap6,lap2,lap3,lap6,nap6
站,zaam6
竟,ging2
章,zoeng1
竣,zeon3
童,tung4
竭,kit3
端,dyun1
競,ging3,ging6
竹,zuk1
竺,zuk1
竻,lak1
竽,jyu1,jyu4
竿,gon1
笆,baa1
笈,kap1
笏,fat1,wat1
笑,siu2,siu3
笙,sang1
笛,dek2,dek6,det4,det6
笝,naap3
笞,ci1
笠,lap1,lap6,nap6
笡,ce3
符,fu4
笨,ban6
笪,daat3
第,dai2,dai6
笭,leng1
笮,zaak3,zaak6
笱,gau2
笳,gaa1
笸,bo1,po1
筆,bat1,fat1,pat1
等,dang2
筋,gan1,gwaan1
筍,seon2
筏,fat6
筐,hong1
筒,tung2,tung4
答,daap3
策,caak3
筠,gwan1
筲,saau1
筵,jin4
筷,faai3
箇,go3,go4,go6
箋,zin1
箍,ku1
箏,zang1
箔,bok6
箕,gei1
算,syun3
箝,kim2,kim4
管,gun2,gwun2
箭,zin3
箱,soeng1
箴,zam1
箸,zyu6
節,zit3
範,faan6
篆,syun3,syun6
篇,pin1
築,zuk1
篋,gip1
篙,gou1
篡,saan3
篤,duk1
篦,bei2,bei6
篩,sai1
篱,lei1
篷,fung4,pung1,pung2,pung4
篼,dau1
篾,mit6
簇,cuk1
簋,gwai2
簍,lo1
簕,lak6
簡,gaan2,gan2,kaan2
簣,gwai6
簧,wong2,wong4
簪,zaam1
簫,siu1
簷,jam4,jim4,sim4
簸,bo3
簽,cim1
簾,lim2,lim4
簿,bou2,bou6
籃,laam2,laam4
籌,cau2,cau4
籍,zik6
籟,laai6
籠,lung2,lung4,lung5
籤,cim1
籬,lei1,lei4
籮,lo1,lo4
籲,jyu6
米,mai1,mai5,mi1,mi4
籽,zi2
粉,fan2
粑,baa1
粒,lap1,nap1
粗,cou1
粘,zim1
粟,suk1
粢,ci1
粥,zuk1
粧,zong1
粱,loeng4
粵,jyut6
粹,seoi5
粼,leon4
粽,zung2,zung3
精,zeng1,zing1
粿,gwai3,gwo2
糅,jau2,jau4
糉,zung2,zung3
糊,fu2,wu2,wu4
糍,ci4
糕,gou1
糖,tong2,tong4
糙,cou3
糜,mei4
糝,sam2
糞,fan3
糟,zou1
糠,hong1,hong2
糧,loeng4
糭,zung2,zung3
糯,no6
糰,tyun4
糴,dek6
糶,tiu3
糹,si1
系,hai6
糾,dau2,gau2
紀,gei2
紁,caa5
紂,zau6
約,joek3
紅,gung1,hong4,hung1,hung2,hung3,hung4
紆,jyu1,syu1
紉,jan6
紊,man5,man6
紋,man4
納,naap6,nap6
紐,nau2
紓,syu1
純,seon4
紕,pei1
紗,saa1
紙,zi1,zi2
級,kap1
紛,fan1
紜,wan4
素,sou3
紡,fong2
索,saak3,sok3
紫,zi2
紮,zaat3,zaat6
累,leoi4,leoi6
細,sai3
紳,san1
紶,koe3
紹,siu6
絀,zyut3,zyut6
終,zung1
絃,jin4
組,zou2
絆,bun6
結,git3,git6,lit3,lit4
絕,zyut6
絞,gaau2,gaau4,gaau6
絡,lok3,lok6
絢,hyun3,seon1
給,kap1
絨,jung2,jung4
絮,seoi5
統,tung2
絲,si1
絹,gyun3
綁,bong2
綏,seoi1
綑,kwan2
經,gaang1,gang1,ging1
綜,zung1,zung3
綟,lit3
綠,luk1,luk2,luk6
綢,cau2,cau4
綫,sin3
維,wai4
綯,tou4
綱,gong1
網,mong1,mong5
綴,zeoi6,zyut3
綵,coi2
綸,leon4
綺,ji2
綻,zaan6
綽,coek3
綿,min4
緄,gwan2,kwan2
緊,gan2
緋,fei1,fei2
緒,seoi5
緘,gaam1
線,sin2,sin3
緝,cap1
緞,dyun2,dyun6
締,dai3,tai3
緡,man1,man4
緣,jyun4
編,pin1
緩,wun4,wun6
緬,min5
緯,wai5
緲,miu5
練,lin6
緻,zi2,zi3
縈,jing4
縊,ngai3
縐,caau4,zau3
縛,bok3,bong2
縝,can2
縟,juk6
縣,jyun2,jyun6
縫,fung2,fung4
縮,suk1
縱,zung1,zung3
縷,lau5
縹,piu1
總,zung2
績,zik1
繁,faan4
繃,baang1,baang6,bang1,maang1
繆,mau4,mau6,miu6
繑,kiu2,kiu5
織,zik1
繙,faan1
繚,liu2,liu4
繞,jiu2,jiu5,kiu5
繡,sau3
繩,sing2,sing4
繪,kui2
繫,hai6
繭,gaan2
繳,giu2
繹,jik6
繼,gai3
繽,ban1
纂,zyun2
纈,lit3
纊,kwang3
續,suk6,zuk6
纍,leoi4
纏,cin4
纓,jing1
纔,coi4
纖,cim1
纜,laam2,laam5,laam6
缸,gong1
缺,kyut3
缽,but1,but3,but6,put3
罄,hing3
罅,laa1,laa3
罉,caang1
罌,aang1,laang1,ngaang1
罐,gun3
罔,mong5
罕,hon2
罡,gong1
罣,gwaa3
罨,ap1,ngap1
罩,zaau3
罪,zeoi6
置,zi3
罯,kam2
罰,fat6
署,cyu3,cyu5
罵,maa6
罷,baa2,baa6
罹,lei4
羅,lo1,lo2,lo4
羈,gei1
羊,joeng2,joeng4
羌,goeng1
美,mei5
羔,gou1
羚,ling4
羞,sau1
羡,sin6
群,kwan4
羨,sin6
義,ji5,ji6
羯,kit3
羹,gang1
羽,jyu5
羿,ngai6
翁,jung1
翅,ci3
翌,jik6
習,zaap6
翔,coeng4
翕,jap1
翟,zaak6
翠,ceoi3
翡,fei2
翦,zin2
翩,pin1
翰,hon6
翱,ngou6
翳,ai3,ngai3
翹,kiu4,kiu5
翻,faai1,faan1,faan2
翼,jik6
耀,jiu6
老,lou2,lou5
考,haau2
者,ze2
耆,kei4
而,ji4
耍,saa2,saa3
耐,noi1,noi2,noi6
耕,gaang1
耖,caau3
耗,hou3
耘,wan4
耙,paa2
耨,nau6
耳,ji5
耶,je4
耷,dap1
耻,ci2
耽,daam1,dam1,dam3,dam6
耿,gang2
聆,ling4
聊,liu4,liu5
聖,sing3
聘,ping3
聚,zeoi6
聞,man2,man4
聯,lin4,lyun2,lyun4
聰,cung1
聲,sau4,seng1,sing1
聳,sung1,sung2
聶,nip6
職,zik1
聽,teng1,ting1,ting3
聾,lung2,lung4
肄,ji6,si3
肅,suk1
肆,sei3,si3
肇,siu6
肉,juk2,juk6
肋,laak1,laak3,laak6,laat1
肌,gei1
肓,fong1
肕,ngan6
肖,ciu3
肘,zaau2,zau2
肚,tou5
肛,gong1
肝,gon1
股,gu2
肢,zi1
肥,fei2,fei4
肩,gin1
肪,fong1
肯,han2,hang2
育,juk6
肴,ngaau4
肶,bei2
肺,fai3
胃,wai6
胆,daam2
背,bui2,bui3,bui6
胎,doi1,taai1,toi1,zoi1
胖,bun6
胗,zan1
胚,bui1
胞,baau1
胡,wu1,wu2,wu4
胭,jin1
胰,ji4
胱,gwong1
胳,gaak3,gaat3,lok3
胴,dung6
胵,ci3
胸,hung1
胺,on1
能,lan1,lan4,lang1,leng4,ling4,nang4
脂,zi1
脅,hip3
脆,ceoi2,ceoi3
脇,hip3
脈,maak6,mak6
脊,zek3
脌,lin1,nin1
脖,but6
脛,ging3,hing5
脢,mui4
脣,seon4
脧,zoe1
脯,pou2
脱,tyut1,tyut3
脷,lei6
脹,zoeng3
脾,bei2,pei2,pei4
腆,din2,tin2
腊,laap6
腋,jik6
腌,jim1
腍,lam4,nam4
腎,san2,san5,san6
腐,fu6
腑,fu2,fu4
腔,hong1
腕,wun2
腡,wo5
腥,seng1,seng3,sing1
腦,nou5
腩,laam5,naam5
腫,zung2
腬,nau6
腮,soi1
腯,dat1
腰,jiu1
腱,zin2
腳,goek2,goek3,goek4,goet2,goet4
腸,coeng2,coeng4
腹,fuk1
腺,sin3
腿,teoi2
膀,bong2,pong1,pong4
膇,deoi3
膈,gaak3
膉,jik1
膊,bok3
膍,fu4
膏,gou1
膚,fu1
膛,tong4
膜,mok2,mok6,mou4
膝,sat1
膠,gaau1
膣,zat6
膥,ceon1
膨,paang4,paau1,peu6
膩,nau6,nei6
膳,sin6
膶,jeon2
膺,jing1
膼,gwaa1
膽,daam2
膾,kui2
膿,nung4
臀,tyun4
臂,bei3
臃,jung2
臆,jik1
臉,lim5,lim6,min6
臊,sou1
臌,gu2
臍,ci4
臏,ban3
臘,laap6,lip6
臟,zong6
臠,lin2
臢,zim1
臣,san2,san4,seon2
臨,lam2,lam4
自,gi6,zi6
臭,cau3
至,zi3
致,zi3
臺,toi4
臼,kau5
舀,jiu1
舂,zung1
舅,kau3,kau5
與,jyu5
興,hing1,hing3,hing4
舉,geoi2
舊,gau2,gau6
舌,sit3,sit6
舍,se3,se5
舐,laai2,saai2
舒,syu1
舔,lem2,tim2,tim5
舖,pou1,pou2,pou3
舜,seon3
舞,mou5
舟,zau1
舢,saan1
舦,taai5
舨,baan2
航,hong4
舫,fong2
般,bo1,bun1
舵,to4
舶,bok6
船,syun2,syun4
艇,teng2,teng3,teng5
艋,maang1
艔,dou2,dou6
艘,sau2
艙,cong1
艦,laam6
艮,gan3
良,loeng4
艱,gaan1
色,sik1
艹,cou2
艾,ngaai6
芋,wu6
芍,coek3
芒,mon1,mong1,mong4
芙,fu4
芝,ci6,zi1,zi6
芡,hin3
芥,gaai3
芪,kei4
芫,jim4,jin4,jyun4
芬,fan1
芭,baa1
芯,sam1
花,faa1,faa2,faa3
芳,fong1
芷,zi2
芸,wan4
芹,kan2,kan4
芻,co1
芽,ngaa4
苑,jyun2
苓,ling2,ling4
苔,toi1,toi4
苗,miu4
苛,ho1
苞,baau1
苟,gau2
若,je5,joek6
苦,fu2,gu1
苫,sim1
苯,bun2
英,jing1
苴,zaa2
茁,cyut3,zyut3
茂,mau6,meu6
范,faan6
茄,gaa1,kaa1,ke1,ke2
茅,maau4
茉,mut6
茗,ming4,ming5
茘,lai6
茜,sai1,sin3,sin6
茨,ci4,syu4
茫,mong4
茭,gaau1
茲,zi1
茴,wui4
茵,jan1
茶,caa4,de1
茸,jung4
茹,jyu4
茼,tong4
荀,seon1
荃,cyun4
草,cou2
荊,ging1
荏,nam4
荐,zin3
荒,fong1
荔,lai6
荳,dau6
荷,ho2,ho4,ho6
荸,ci4
荼,tou4
荽,seoi1
莉,lei2,lei6
莊,zong1
莎,saa1
莒,geoi2
莓,mui2
莖,ging3
莘,san1
莞,gun2,wun5
莠,jau5
莢,gaap3,haap3
莧,jin6
莫,mok1,mok2,mok6
莽,mong5
菁,cing1,zing1
菂,dik1
菅,gaan1
菇,gu1
菊,guk1
菌,kwan2
菓,gwo2
菖,coeng1
菜,coi3
菠,bo1
菢,bou6
菩,pou4
華,waa2,waa4,waa6
菰,gu1
菱,ling4
菲,fei1,fei2
菸,jin1
萃,seoi6,zyut3
萄,tou4
萊,loi4
萌,mang4
萍,ping4
萎,wai2
萬,maan6
萵,wo1
落,lok1,lok6
葉,jip2,jip6,sip3
著,zoek3,zoek6,zyu3
葛,got3
葡,pou4
董,dung2
葦,wai5
葩,baa1
葫,wu4
葬,zong3
葱,cung1
葵,kwai4
葷,fan1
葺,cap1
蒂,dai3
蒐,kwai5,sau1,sau2
蒔,si4
蒙,mung1,mung4
蒜,syun3
蒞,lei4,lei6
蒟,geoi2
蒲,pou4,pou6
蒸,zing1
蒻,joek6
蒼,cong1
蒿,hou1,ou1
蓄,cuk1
蓆,zek6
蓉,jung2,jung4
蓋,doi2,goi3,koi3
蓑,so1
蓬,fung4,pung4
蓮,lin2,lin4
蔃,koeng2,koeng5
蔑,mit6
蔓,maan6
蔔,baak6
蔗,ze3
蔘,sam1
蔚,wai3
蔡,coi3
蔣,zoeng2
蔫,jin1,jyun1
蔬,so1
蔭,jam1,jam3
蔴,maa4
蔸,dau1
蔻,kau3
蔽,bai3
蕃,bo3,faan1
蕈,seon3
蕉,ziu1
蕊,jeoi1,jeoi5,jeoi6
蕌,kiu5
蕎,kiu2,kiu4,kiu5
蕙,wai6
蕨,kyut3
蕩,dong3,dong6
蕪,mou4
蕭,siu1
蕹,ngung3,ung3
蕾,leoi4,leoi5
薂,sik1
薄,bik1,bok3,bok6
薇,mei4
薈,wui6
薏,ji3
薑,goeng1
薔,coeng4
薘,daat6
薛,sit3
薦,zin3
薩,saat3
薪,san1
薯,syu2,syu4
薰,fan1,wan1
薳,jyun5
薸,piu2
薺,gu1
藉,ze3,zik6
藍,laam4
藏,cong4,zong6
藐,miu2,miu5
藕,ngau5
藜,lai4
藝,ngai6
藤,tan4,tang4
藥,joek6
藩,faan4
藪,dau3,sau2
藭,kung1,kung4
藴,wan2,wan5
藹,ngoi2,oi1,oi2
藺,leon6
藻,zou2
蘆,lou2,lou4,lou6
蘇,sou1,sou4
蘋,ping4
蘑,mo4
蘭,laan1,laan2,laan4
蘸,jaam2,jaam5,zaam3
蘿,lo4
虍,fu1
虎,fu1,fu2
虐,joek3,joek6
虔,kin4
處,cyu2,cyu3,cyu5,syu2,syu3
虛,heoi1
虜,lou5
虞,jyu4
號,hou2,hou6
虧,kwai1
虱,sat1
虹,hung3,hung4
蚊,man1,mang1
蚌,pong5
蚍,pei4
蚓,jan5
蚣,gung1
蚤,sat1,zou2
蚧,gaai3
蚩,ci1
蚪,dau2
蚯,jau1
蚱,zaa3
蚵,o1
蚶,ham1
蚺,naam4
蛀,zyu3
蛆,zeoi1
蛇,ji4,se2,se4
蛋,daan2,daan4,daan6
蛙,waa1
蛛,zyu1
蛞,fut3,kut3
蛟,gaau1
蛤,gaap3,gap3,haa1
蛭,zat6
蛹,jung2
蛾,ngo4
蜀,suk6
蜂,fung1
蜃,san4,san5,san6
蜆,hin2
蜇,zit3
蜈,ng4
蜉,fau4
蜊,lei4
蜍,ceoi4
蜑,daan6,dan6
蜒,jin4
蜓,ting4
蜕,teoi3
蜘,zi1
蜚,fei1
蜜,mat6
蜞,kei2,kei4
蜢,maang1,maang2,maang5
蜥,sik1
蜴,jik6
蜷,kyun4
蜻,cing1
蜿,jyun1,jyun2
蝌,fo1
蝓,jyu4
蝕,sik6,sit6
蝗,wong4
蝙,pin1
蝞,mei1
蝟,wai6
蝠,fuk1
蝦,haa1
蝨,sat1
蝴,wu4
蝶,dip2,dip6
蝸,wo1
蝻,naam4
螂,lang1,long4
螃,pong4
螄,si1
螆,zi1
融,jung4
螞,maa1,maa5
螢,jing4
螫,sik1
螳,tong4
螺,lo2,lo4
蟀,seot1
蟄,zik6
蟆,maa4,mou1
蟋,sik1
蟎,mun5
蟑,zoeng1
蟒,mong5
蟛,paang4
蟝,keoi2
蟠,faan1,pun4
蟥,wong4
蟧,lou2,lou4
蟬,sim4,sin4
蟲,cung2,cung4
蟶,cing1,sing3
蟹,haai5
蟻,ngai2,ngai5
蟾,sim4
蠄,kam4
蠅,jing1,jing4
蠍,kit3
蠓,mung1,mung5
蠔,hou4
蠕,jyu4
蠟,laap6
蠢,ceon2
蠱,gu2
蠶,caam4
蠻,maan4
血,hyut3
衊,mit6
行,haang1,haang4,hang4,hang6,hong2,hong4
衍,hin2,jin2,jin5
衒,jin2
術,seot6
衕,tung4
街,gaa1,gaai1
衙,ngaa4
衚,wu4
衝,cung1
衞,wai6
衡,hang4
衢,keoi4
衣,ji1,ji3
衤,ji1
表,biu1,biu2
衩,caa1
衫,saam1
衰,ceoi1,seoi1,seoi2
衲,naap6
衷,cung1
衾,kam1
袁,jyun4
袂,mai6
袈,gaa1
袋,doi2,doi6
袍,pou2,pou4
袐,bei3
袒,taan2
袖,zau6
袜,mat6
袞,gwan2
被,bei6,pei1,pei3,pei5
袱,fuk6
裁,coi4
裂,lit6
裇,seot1
裏,lei1,leoi5
裔,jeoi6
裕,jyu6
裘,kau4
裙,kwan2,kwan4
補,bou2
裝,zoi1,zong1
裟,saa1
裨,bei1
裱,biu2
裳,soeng4
裴,pui4
裸,lo2
裹,gwo2
製,zai3
褂,kwaa2
複,fuk1
褒,bou1
褓,bou2
褚,cyu5
褡,daap3
褥,juk2,juk6
褦,lang3,le5
褪,tan3,teoi3
褫,ci1,ci2
褲,fu3
褶,zaap3,zaap6,zip3,zip6
褸,lau1,lau5,leoi5
褻,sit3
襁,koeng5
襄,soeng1
襟,kam1
襠,long6
襤,laam4
襪,mat6
襯,can3
襲,zaap6
襶,daai4,de2
西,sai1
要,jiu1,jiu3
覃,cam4
覆,fuk1
見,gin3,jin6
規,kwai1
覓,mik6
視,si5,si6
覦,jyu4
親,can1,can3
覬,gei3
覲,gan3,gan6
覷,ceoi3
覺,gaau1,gaau3,gaau4,gok3
覽,laam5
觀,gun1,gun3
角,gok2,gok3
觔,gan1
解,gaai2,gaai3
觸,zuk1
言,jin4
訁,jin4
訂,deng6,ding3,ding6
訃,fu6
計,gai2,gai3,gei3
訊,seon3
訌,hung3
討,tou2
訓,fan3
訕,saan3
訖,gat4,gat6,ngat6
託,tok3
記,gei3
訛,ngo4
訝,ngaa5,ngaa6
訟,zung6
訣,kyut3
訪,fong2
設,cit3
許,heoi2
訴,sou3
診,can2
註,zyu3
証,zing3
詁,gu2
詆,dai2
詎,geoi6
詏,aau3
詐,zaa3
評,ping4
詛,zeoi2,zo3
詞,ci4
詠,wing6
詡,heoi2
詢,seon1
詣,ngai6
試,si3,si5
詩,si1
詫,caa3
詬,gau3
詭,gwai2
詮,cyun4
詰,gat6
話,waa2,waa5,waa6
該,goi1
詳,coeng4
詹,zim1
詼,fui1
誅,zyu1
誇,kwaa1
誌,zi3
認,jing2,jing6
誒,e2,e4,e6,ei2
誓,sai6
誕,daan3
誘,jau5
語,jyu5
誠,sing4
誡,gaai3
誣,mou4
誤,ng6
誦,zung6
誨,fui3
説,seoi3,syut3
誰,seoi2,seoi4
課,fo3
誹,fei2
誼,ji4,ji6
誽,ai1
調,diu6,tiu4
諄,zeon1
談,taam4
諉,wai2
請,ceng2,cing2
諒,loeng6
論,leon2,leon6
諗,nam2
諛,jyu4
諜,dip6
諡,si3
諢,wan6
諦,dai3,dai6,tai3
諧,haai4
諫,gaan3
諭,jyu6
諮,zi1
諱,wai5
諳,am1
諷,fung2,fung3
諸,zyu1
諺,jin6
諾,nok6
謀,mau4,mau6,mou4
謂,wai6
謄,tang4
謅,zau3
謊,fong1
謎,mai4
謔,joek6
謗,bong6,pong5
謙,him1
謚,si3
講,gong2
謝,ze6
謠,jiu4
謫,zaak6
謬,mau6
謯,zaa2
謳,au1
謹,gan2
謾,maan6
譁,waa1
證,zing3
譎,gwat1
譏,gei1
譖,cam3
識,sik1
譚,taam4
譜,pou2
警,ging2
譬,pei3
譭,wai2
譯,jik6
議,ji5,ji6
譴,hin2
護,wu6
譽,jyu6
讀,duk6
變,bin3
讌,jin3
讎,sau4
讒,caam4
讓,joeng6
讕,laan2
讖,caam3,cam3
讚,zaan3
谷,guk1,juk6
豁,kut3
豆,dau2,dau6
豈,hei2
豉,si2,si6
豎,syu6
豐,fung1
豔,jim6
豚,tyun4
象,zoeng6
豪,hou4
豫,ji4,jyu4,jyu6
豬,zyu1
豹,paau3
豺,caai4
貂,diu1
貅,jau1
貉,hok6,lok6
貌,maau6
貓,maau1
貔,pei4
貝,bui3
貞,zing1
負,fu6
財,coi4
貢,gung3
貧,pan4
貨,fo3
販,faan2,faan3,faan6
貪,taam1
貫,gun3
責,zaak3,zaak6
貯,cyu5
貳,ji6
貴,gwai3
貶,bin2
買,maai5
貸,taai3
費,bei3,fai3
貼,tip1,tip3
貽,ji4
貿,mau6
賀,ho6
賂,lou6
賃,jam6
賄,fui2,kui2
賅,goi1
資,zi1
賈,gaa2,gu2
賊,caak2,caak3,caak6
賑,zan3
賒,se1
賓,ban1
賜,ci3
賞,soeng2
賠,pui4
賢,jin4
賣,maai2,maai5,maai6
賤,zin1,zin3,zin6
賦,fu3
質,zat1,zi3
賬,zoeng3
賭,dou2
賴,laai2,laai3,laai4,laai5,laai6
賸,sing6
賺,zaan2,zaan6
購,gau3,kau3
賽,coi2,coi3
贅,zeoi6
贈,zang6
贊,zaan3
贋,ngaan6
贍,sim6,sin6
贏,jeng4
贓,zong1
贖,suk6
贗,ngaan6
贛,gam3,gung3
赤,cek3,cik3
赦,se3
赧,naan2,naan3
赫,haak1,hak1
走,zau1,zau2
赳,dau2,gau2
赴,fu6
起,hei2
趁,can3
超,ciu1,ciu2
越,jyut6
趌,gat6
趑,ci1
趕,gon2
趙,ziu6
趟,tong3
趣,ceoi2,ceoi3
趨,ceoi1
趯,dek3,dek6
趲,zaan2
足,zuk1
趴,paa1
趷,gat4,gat6
趻,dam6
趾,zi2
跆,toi4
跋,bat6
跌,dit3,tit3
跎,to4
跑,paau2
跔,koe4
跚,saan1
跛,bai1,bo2
距,keoi5
跟,gan1
跡,zik1
跣,sin3
跤,gaau1
跨,kwaa1
跪,gwai6
路,lou2,lou3,lou6
跳,tiu3,tiu4
踉,long4
踎,mau1
踏,daap3,daap6
踐,cin2,cin5,zin6
踝,lo2,waa5
踞,geoi3,goe1
踢,tek3,tek6,tet6
踩,caai2,jaai2
踪,zung1
踭,zaang1
踮,dim3
踱,dok6
踴,jung2
踵,zung2
踹,caai2,jaai2
踽,geoi2
踿,cau1
蹂,jau4
蹄,tai2,tai4,ti4
蹈,dou6,tou1
蹉,co1
蹊,kei1
蹋,taap3
蹌,coeng3
蹟,zik1
蹣,mun4
蹤,zung1
蹦,baang6,bang1
蹩,bit6
蹬,dang1
蹱,zung1
蹲,cyun4,deon1,zeon1
蹴,cuk1
蹶,kyut3
蹺,kiu1,kiu2,kiu5
蹼,buk6,pok3
躀,gwaan3
躁,cou3
躂,daat3
躇,cyu4
躉,dan1,dan2,dan3
躊,cau4
躋,zai1
躍,joek3,joek6
躓,zat6
躙,leon6
躝,laan1
躡,nip6,sip6
躪,leon6
身,gyun1,saan1,san1
躬,gung1
躲,do2
躺,tong2
軀,keoi1
車,ce1,geoi1
軌,gwai2
軍,gwan1
軒,hin1
軚,taai1,taai3,taai5
軛,aak1,ngaak6
軟,jyun5
軨,ling1,ling4
軭,waang1
軲,gu1
軸,zuk6
軼,jat6
較,gaau3
載,zoi2,zoi3
輋,ce4
輒,zip3
輓,waan5
輔,fu6
輕,heng1,heng4,heng6,hing1
輛,loeng2,loeng6
輝,fai1
輟,zyut3,zyut6
輩,bui3
輪,leon2,leon4
輯,cap1
輸,syu1
輻,fuk1
輾,nin5,zin2
輿,jyu4
轂,gu1
轄,hat6
轅,jyun4
轆,luk1
轇,gaau1
轉,zyun2,zyun3
轍,cit3
轎,giu2,kiu2
轕,got3
轟,gwang1,gwang2,gwang4
辛,san1
辜,gu1
辟,bik1,pik1
辣,laat1,laat3,laat6,naat3
辦,baan2,baan6
辨,bin6
辭,ci4
辮,bin1
辯,bin6
辰,san2,san4
辱,juk6
農,nung4
辶,coek3
迂,jyu1
迄,ngat6
迅,seon3
迎,jing4
近,gan2,gan6,kan5
迓,ngaa4
返,faan1,faan2
迢,tiu4
迥,gwing2
迦,gaa1
迪,dik6
迫,baak1,bik1,bik6
迭,dit6
迮,zaak3,zaak6
述,seot6
迴,wui4,wui6
迷,mai4
追,zeoi1
迾,laat6
退,teoi3
送,sung3
逃,tou4
逅,hau6
逆,jik6,ngaak6
逍,siu1
透,tau1,tau2,tau3
逐,zuk6
途,tou4
逕,ging3
逗,dau6
這,ze2,ze3,ze5
通,tung1
逛,gwaang3,kwaang3
逝,sai6
逞,cing2
速,cuk1
造,cou3,cou5,zou3,zou6
逢,fung4
連,lin1,lin4
逮,dai6
週,zau1
進,zeon3
逳,juk1
逸,jat6
逼,bi1,bik1,bik6
逾,jyu4,jyu6
遁,deon6
遂,seoi5,seoi6
遇,jyu6
遊,jau4
運,wan6
遍,pin3
過,go4,gwo2,gwo3,gwo4
遏,aat3,at1,kit3
遐,haa4
遑,wong4
道,dou2,dou3,dou6
達,daat6
違,wai4
遙,jiu4
遜,seon3
遞,dai6
遠,jyun5
遢,taap3,taat3
遣,hin2
遨,ngou6
適,sik1
遭,zou1
遮,ze1
遯,tan4
遲,ci4
遴,leon4
遵,zeon1
遷,cin1
選,syun2
遺,wai4
遼,liu4
避,bei6
邀,jiu1
邁,maai1,maai6
邂,haai5
還,waan4
邇,ji5
邊,bin1,bin6
邋,laap6,laat6
邏,lo4
邑,jap1
邢,jing4
那,laa1,naa2,naa3,naa4,naa5
邦,bong1
邨,cyun1
邪,ce2,ce4
邱,jau1
邵,siu6
邸,dai2
郁,juk1
郊,gaau1
郎,long2,long4
郝,kok3
郡,gwan6
部,bou6
郭,gwok3
郵,jau4
都,dou1
鄂,ngok6
鄉,hoeng1
鄒,zau1
鄙,pei2
鄧,dang6
鄭,zeng6
鄰,leon4
鄺,kwong3
酉,jau5
酊,ding2
酋,jau4
酌,zoek3
配,pui3
酒,zau2
酗,jyu1,jyu3
酡,to2,to4
酢,zok3,zok6
酣,ham4
酥,sou1
酩,ming5
酪,lok6
酬,cau2,cau4
酮,tung4
酵,haau1
酶,mui4
酷,huk6
酸,syun1
酹,laai3,laai6
醂,lam5
醃,jim1,jip3
醇,seon4
醉,zeoi3
醋,cou2,cou3
醍,tai4
醐,wu4
醒,seng2,sing2
醖,wan5
醛,cyun4
醜,cau2
醣,tong4
醫,ji1
醬,zoeng3
醮,ziu3
醺,fan1
釀,joeng6
釁,jan6
采,coi2
釉,jau2,jau6
釋,sik1
里,lei1,lei2,lei4,lei5,lei6
重,cung4,cung5,cung6,zung6
野,je5
量,loeng2,loeng4,loeng6
釐,lai4,lei4
金,gam1
釒,gam1
釔,jyut3
釘,deng1
釜,fu2
針,zam1
釣,diu3
釦,kau3
釩,faan4
釵,caa1,caai1
釷,tou2
鈀,baa1,baa2
鈈,bat1,bui1
鈉,naap6
鈍,deon6
鈎,ngau1
鈑,baan2
鈒,zaap6
鈔,caau1
鈕,nau2
鈞,gwan1,kwan1
鈣,koi3
鈦,taai3
鈧,kong3
鈪,aak2,ngaak2
鈴,ling1,ling4
鈷,gu2
鈸,bat6
鈹,pei4
鈽,bou1
鈾,jau2
鉀,gaap3
鉅,geoi6
鉈,to2
鉑,baak6,bok6
鉗,kem2,kim2,kim4
鉛,jyun4
鉞,jyut6
鉢,but6
鉸,gaau3
鉻,lok6
銀,ngan2,ngan4,ngang2,ngang4
銃,cung1,cung3,cung6
銅,tung2,tung4
銖,syu4,zyu1
銘,ming5
銜,haam4,ham4
銣,jyu6
銥,ji1,ji2
銫,sik1
銬,kaau3
銯,si1
銲,hon5
銷,siu1
銻,tai1
銼,co3
銾,hung6
鋁,leoi5
鋅,san1,sing1
鋌,ting5
鋒,fung1
鋤,co4
鋪,pou1
鋭,jeoi6
鋯,gou3
鋰,lei5
鋸,goe1,goe3
鋹,caang4
鋼,gong3
錄,luk2,luk6
錐,jeoi1,zeoi1
錒,aa3
錔,taap3
錘,ceoi2,ceoi4,seoi4
錢,cin2,cin4
錦,gam2
錨,naau4
錫,sek3,sek6
錮,gu3
錯,co3,cok3
錳,maang5
錶,biu1
鍊,lin2,lin6
鍋,wo1
鍍,dou6
鍘,zaap6
鍛,dyun3
鍟,seng1,seng3
鍥,kit3
鍬,cau1,ciu1
鍵,gin6
鍶,si1
鍺,ze2
鍾,zung1
鎂,mei5
鎅,gaai3
鎊,bong2,bong6
鎔,jung4
鎖,so2
鎗,coeng1
鎘,gaak3
鎚,ceoi2,ceoi4
鎝,taap3
鎢,wu1
鎧,hoi2
鎩,saat3
鎮,zan3,zan6
鎳,nip6
鎵,gaa1
鏈,lin2
鏍,leoi1,lo4
鏗,hang1
鏘,coeng1
鏟,caan2
鏡,geng2,geng3
鏢,biu1
鏨,zaam6
鏹,koeng5
鏽,sau3
鏾,sin3
鐔,taam4
鐘,zung1
鐧,gaan2
鐮,lim4
鐲,zuk6
鐳,leoi1,leoi4
鐵,tit3
鐸,dok6
鐺,caang1
鑄,zyu3
鑊,wok6
鑑,gaam3
鑒,gaam3
鑔,caa2,caa4
鑞,laap6
鑠,soek3
鑣,biu1
鑰,joek6
鑲,soeng1
鑼,lo2,lo4
鑽,zyun3
鑿,zok2,zok6
長,coeng4,zoeng2,zoeng6
門,mun2,mun4
閂,saan1
閃,sim2
閉,bai3
開,hoi1
閏,jeon6
閑,haan4
閒,haan2,haan4
間,gaan1,gaan3
閔,man5
閘,zaap6
閡,hat6
閣,gok3
閥,fat6
閧,hung3
閨,gwai1
閩,man5
閪,hai1
閲,jyut6
閹,jim1
閻,jim4
闆,baan2
闊,fut3
闋,kyut3
闌,laan4
闔,hap6
闕,kyut3
闖,cong2
關,gwaan1,gwaang1
闡,cin2,zin2
闢,pik1
阜,fau6
阡,cin1
阪,baan2
阮,jyun2
阱,zeng6,zing6
防,fong4
阻,zo2
阿,aa3,aa6,o1
陀,doe4,to2,to4
附,fu6
陋,lau6
陌,mak6
降,gong3,hong4
限,haan6
陛,bai6
陝,sim2
陞,sing1
陡,dau2
院,jyun2
陣,zam6,zan2,zan6,zing6
除,ceoi4
陪,pui4
陰,jam1
陲,seoi4
陳,can2,can4
陵,ling4
陶,jiu4,tou4
陷,haam6,ham6
陸,luk6
陽,joeng2,joeng4
隅,jyu4,jyu6
隆,lung4
隊,deoi2,deoi6
隋,ceoi4
隍,wong4
階,gaai1
隔,gaak3
隕,wan5
隘,aai3
隙,kwik1
際,zai3
障,zoeng3
隧,seoi6
隨,ceoi4
險,him2
隱,jan2
隸,dai6
隻,zek3
雀,zoek2,zoek3
雁,ngaan6
雄,hung4
雅,ngaa5
集,zaap2,zaap6
雇,gu3
雉,ci1,zi6
雋,syun5,zeon3
雌,ci1
雍,jung1
雕,diu1
雖,seoi1
雙,soeng1
雛,co1
雜,zaap2,zaap6
雞,gai1
離,le2,le4,lei4
難,naan4,naan6
雨,jyu5
雪,syut1,syut2,syut3,syut4
雫,laa3
雯,man4
雲,wan4,wan5,wan6
零,leng1,leng2,leng4,ling1,ling2,ling4
雷,leoi4
雹,bok6
電,din6
需,seoi1
霄,siu1
霆,ting4
震,zan3
霉,mou1,mui4
霍,fok3
霎,saap3,saap6,sap1
霑,zim1
霓,ngai4
霖,lam3,lam4
霜,soeng1
霞,haa4
霧,mou6
霰,saan2,sin3
露,lou6
霸,baa3
霹,pik1
霾,maai4
靂,lik1
靈,leng4,ling1,ling4
青,ceng1,cing1
靖,zing6
靚,leng1,leng3,ling3
靛,din6
靜,zing2,zing6
非,fei1
靠,kaau3
靡,mei4,mei5,mo1
面,min2,min6
靦,min5
革,gaak3,gaap3
靭,ngan6
靴,hoe1
靶,baa2
靸,taat3
鞋,haai2,haai4
鞍,on1
鞏,gung2
鞘,ciu3
鞠,guk1
鞦,cau1
鞭,bin1
韁,goeng1
韆,cin1
韋,wai5
韌,jan6,ngan1,ngan6
韓,hon4
韙,wai5
韜,tou1
韞,wan3
韭,gau2
韮,gau2
音,jam1
韵,wan5
韻,wan5
響,hoeng2
頁,jip6
頂,deng2,ding2
頃,king2,king5
項,hong2,hong6
順,seon2,seon6
頇,hon1,nget4,nget6
須,seoi1
頌,zung6
預,jyu6
頑,waan4
頒,baan1,paan1
頓,deon1,deon2,deon6
頗,po1,po2
領,leng2,leng5,ling5
頡,kit3
頤,ji4
頭,tau2,tau4
頰,gaap3,haap3
頷,ham5
頸,geng2
頹,teoi4
頻,pan4
頽,teoi4
顆,fo2
題,tai4
額,ngaak2,ngaak3,ngaak6
顎,ngok6
顏,ngaan4
願,jyun2,jyun6
顛,din1
類,leoi2,leoi6
顢,mun4
顧,gu3
顫,zim1,zin3
顯,hin2
顰,pan4
顱,lou4
顴,kyun4
風,fung1
颯,saap3,saap6,sep6
颱,toi4
颳,gwaat3
颶,geoi6
颺,joeng4
颼,sau1
飄,peu1,piu1
飆,biu1
飛,fei1
食,sik6
飠,sik6
飢,gei1
飩,tan1
飪,jam6
飯,bung6,faan6
飲,jam2
飴,ji4
飼,zi6
飽,baau1,baau2
飾,sik1
餃,gaau2
餅,beng2
餉,hoeng2
養,joeng5
餌,nei6
餐,caan1
餒,neoi5
餓,ngo6
餔,pou2
餘,jyu4
餚,ngaau4
餛,wan4
餞,zin3,zin6
餡,haam2
館,gun2
餮,tit3
餲,aat3,ngaat3
餵,wai3
餸,sung3
餼,hei3
餾,lau6
餿,saau3,suk1
饅,maan6
饈,sau1
饉,gan2
饊,saan2
饋,gwai3,kwai5
饌,zaan3,zaan6,zaang6
饑,gei1
饒,jiu4
饔,jung1
饕,tou1
饞,caam4
首,sau2
馗,kwai4
香,hoeng1
馥,fuk1
馨,hing1
馬,maa1,maa5
馭,jyu6
馮,fung2,fung4
馱,to4
馳,ci4
馴,seon4
駁,bok3
駅,jik6
駐,zyu3
駒,keoi1
駕,gaa3
駙,fu6
駛,sai2
駝,to2,to4
駢,pin4
駭,haai5,haai6
駱,lok6
駿,zeon3
騁,cing2
騎,gei6,ke4,kei4
騖,mou6
騙,pin3
騭,zat1
騮,lau1
騰,tan2,tan4,tang4
騷,sou1
騸,sin3
騾,leoi4,lo4
驀,mak6
驅,keoi1
驍,hiu1
驕,giu1
驗,jim6
驚,geng1,ging1
驛,jik6
驟,zaau6
驢,leoi4,lou4
驥,kei3
骨,gwat1
骯,hong1
骰,sik1
骷,fu1
骸,haai4
骹,gaau3,haau1
骼,gaak3,lok6
骾,kang2
骿,pin4
髀,bei2
髆,bok3
髇,haau1
髈,bong2
髏,lau4,lou4
髒,zong1
髓,seoi5
體,tai2
髖,fun1
高,gou1
髣,fong2
髦,mou1
髧,dam1,dam3,dam4
髭,zi1
髮,faat3
髴,fat1
髹,jau4
髻,gai3
鬃,zung1
鬆,sung1
鬈,lyun1
鬍,wu4
鬙,sang4
鬚,sou1
鬟,waan4
鬢,ban3
鬥,dau3,dau6
鬧,naau6
鬨,hung3
鬩,jik1
鬭,dau3
鬱,wat1
鬻,juk6
鬼,gwai2
魁,fui1
魂,wan4
魄,paak3
魅,mei6,mui6
魍,mong5
魎,loeng5
魏,ngai6
魑,ci1
魔,mo1
魘,jim2
魚,jyu2,jyu4
魨,tyun4
魯,lou5
魷,jau2,jau4
鮋,jau2
鮎,nim1,nim4
鮑,baau1,baau6
鮒,fu6
鮓,zaa2,zaa3
鮨,kei4,ngai6,zi1,zi2
鮪,jau2
鮫,gaau1,gaau3
鮮,sin1,sin2
鯁,kang1,kang2,kang3
鯇,waan5
鯉,lei5
鯊,saa1
鯧,coeng1
鯨,king4
鯪,leng4
鯭,maang1
鯰,nim1,nim4
鯽,zak1
鯿,bin2
鰂,zak1
鰆,ceon1
鰍,cau1
鰓,soi1
鰛,wan1
鰥,gwaan1
鰨,taat3
鰭,kei4
鰲,ngou4
鰹,gin1
鰻,maan6
鰽,cou4
鱅,sung4
鱆,zoeng1
鱈,syut3
鱉,bit3
鱔,sin5
鱗,leon4
鱭,cai5
鱲,laap6
鱷,ngok6
鱸,lou4
鳥,niu5
鳩,gau1,gau2,hau6,kau1
鳳,fung2,fung6
鳴,ming4
鴆,zam6
鴇,bou2
鴉,aa1
鴕,to4
鴛,jin1,jyun1
鴞,hiu1
鴣,gu1
鴦,joeng1
鴨,aap2,aap3
鴻,hung4
鴿,gaap2,gaap3
鵑,gyun1
鵚,tuk1
鵝,ngo2,ngo4
鵠,huk6
鵡,mou5
鵪,am1
鵬,paang4
鵯,bei1
鵰,diu1
鵲,coek3,zoek3
鶉,ceon1
鶩,mou6
鶯,ang1
鶴,hok2,hok3,hok6
鶻,wat6
鷂,jiu2
鷓,ze3
鷗,au1,ngau1
鷲,zau6
鷸,leot6,neot6,wat6
鷹,jing1
鷺,lou6
鸚,jing1
鹵,lou5
鹹,haam4
鹼,gaan2
鹽,jim4
鹿,luk2,luk6
麂,geng1
麒,kei4
麓,luk1
麖,geng1
麗,lai6,lei4
麝,se6
麟,leon2,leon4
麥,mak2,mak6
麩,fu1
麪,min6
麴,guk1,kuk1
麻,maa1,maa2,maa4
麼,mo1
麾,fai1
黃,wong2,wong4
黅,gam4
黍,syu2
黎,lai2,lai4
黏,nim1,nim4
黐,ci1,ci3
黑,haak1,hak1
默,mak6
黚,gam4
黛,doi6
黜,zyut3,zyut6
黝,jau2
點,dim2
黨,dong2
黯,am2,am3
黴,mei4,mui4
黷,duk6
黹,zi2
鼆,mang1,mang4
鼎,ding2
鼓,gu2
鼠,syu2
鼬,jau4
鼯,ng4
鼻,bei6
鼾,hon4
齊,cai4
齋,zaai1
齒,ci2
齕,gat4,gat6
齙,baau6
齟,zeoi2
齡,ling4
齣,ceot1
齦,ngan4
齧,ek6,ngek6
齬,jyu5
齮,gi1,gi4
齶,ngok6
龍,lung2,lung4
龐,pong4
龔,gung1
龕,am1,ham1
龜,gwai1,gwan1
𠆩,faan2
𠊎,ngaai4
𠎷,saap3
𠜎,sin3
𠜱,pai1
𠝹,gaai3
𠠝,lek6
𠮨,laai3,naai3
𠮩,liu1
𠱁,tam3
𠱂,dat1
𠱃,nap1,nip1
𠱓,ngai1
𠱸,seon2
𠳔,keoi5
𠳝,mau1
𠴕,miu2
𠵇,keu4
𠵼,mang1,mang3
𠵾,waak1
𠶧,dim6
𠸎,laa1,laa2,naa1,naa2
𠹇,be1
𠹌,lang1
𠹷,ngo4,o4
𠹹,lan4
𠹻,zam6
𠺌,gwe1
𠺘,long2
𠺝,gaak3,gat4,gat6
𠺢,gaa1
𠺫,leu1
𠻹,tim1
𠼭,but1
𠼮,ngai1
𠽌,syut1,syut2,syut4
𠽤,kak1,kik1
𠾴,baang4,baang6
𠾵,za6,zaa5,zaa6
𠿪,gaa2
𡁆,lok1
𡁻,zeu1,zeu6,ziu6
𡃀,e1,e4,nge1
𡃁,leng1
𡃈,kwaak1,kwaak3
𡃉,gaa3
𡃴,ceoi4
𡙁,song2
𡥼,me1
𡰪,duk1
𡲢,ke1
𡲬,gwat6
𡳞,lan2
𢃇,lei5,lei6
𢆡,lin1,nin1
𢞵,fit1
𢪎,faak3,faak6,faat3,faat6
𢫏,kam2
𢫕,wing6
𢫨,ngung2,ung2
𢬿,gaai5,kaai3,kaai4
𢭃,dau6
𢯊,dik1
𢯎,aau1,ngaau1
𢰸,wo5
𢱑,waa2,we2
𢱕,dap1,dap6
𢱢,sok1
𢲡,laa2,naa2
𢲩,kap1
𢲷,ngaau1
𢳂,bat1,fat1,pat1
𢳆,ngou4
𢴈,daat3,daat6,det4
𢴒,paang1
𢴩,bat1,fat1,pat1
𢺳,maan1,maang1
𣏴,jan4
𣚺,hong2
𣲷,naap6,nap6
𤆣,saap6
𤌍,hok3
𤓓,lo3
𤜯,gap6,kap6
𤣩,juk6
𤶸,laa1,naa1
𤷪,mang2
𤷫,laat6
𤺧,zang2
𥀬,jim2
𥄫,gap6
𥅈,laap3
𥅾,zong1
𥇣,gwat6
𥊙,zong1
𥋇,caang4
𥱊,zek6
𥹉,nap6
𦉘,caang1
𦖿,dap1
𦜖,aa6,ngaa6
𦟌,zin2
𦢊,pok1
𦧲,loe1,loe2
𦧷,lem2
𦧺,laai2
𦻐,zaau3
𧊅,gwaai2
𧋦,mei1
𧌇,bang1
𧕴,naan3
𧘹,taai1
𧚔,tung2
𧝁,hyun1
𧢝,lai6
𧥺,kwan1
𧧝,ngaa6
𧨾,tam3
𧴯,me1
𨀤,leoi1
𨂽,dam3,dam6
𨂾,laam3,naam3
𨃩,sin3
𨅝,jaang3
𨈇,laam3,naam3
𨈓,leng1
𨉖,nei1
𨋢,lip1
𨭌,paang1
𨳊,gau1
𨳍,cat6
𨳒,diu2
𨶙,lan2
𩓥,ngok6
𩜠,mam1
𩩍,peng1
𩬎,jam1
𩶘,laap6
𩺬,zeoi1
𪐀,laa1,naa1
𪘲,ji1
𪙛,nak1
𫫃,e1
𫬷,ke4
𬒔,ang2,ngang2
𭉝,syu2,syu4
