word	count
我	678
嘅	539
你	428
係	403
唔	332
都	324
好	190
佢	180
有	160
咗	143
就	123
啲	123
可以	117
得	113
呢	110
呢個	108
人	105
會	100
個	98
用	97
同	93
啦	93
到	93
唔係	92
冇	88
要	84
噉	77
啊	75
去	72
喺	67
喇	66
講	65
嘢	65
我哋	64
而家	64
做	63
過	62
想	60
㗎	58
又	57
先	56
幾	54
話	52
咩	51
自己	51
唔知	51
覺得	50
佢哋	50
真係	49
睇	47
就係	46
畀	45
咁	44
字	43
一個	43
下	40
唔會	40
好似	40
唔好	40
呀	40
打	39
如果	39
識	39
揾	37
乜嘢	36
多	35
囉	34
所以	33
但係	33
嚟	32
你哋	31
好多	31
可能	31
但	31
不過	31
大家	31
知	30
食	30
邊個	29
仲	29
點	29
嗰個	28
等	28
唔使	28
粵語	28
問題	28
返	27
因為	26
已經	26
出	26
住	26
聽	26
再	26
未	26
一	25
喎	25
兩	25
應該	25
呢啲	25
群	24
寫	24
有冇	23
其實	23
係咪	23
意思	23
為	22
搞	22
音	22
拼音	21
明	21
嘅話	21
問	21
點解	21
係噉	20
事	20
睇下	20
之前	20
諗	20
原來	19
喺度	19
咪	19
有啲	19
晒	19
對	19
之後	19
嘞	19
啫	19
鍾意	19
夠	19
買	19
粵拼	18
輸入法	18
畀人	18
乜	18
一樣	18
直接	18
上	18
學	18
條	17
太	17
或者	17
噉樣	17
玩	17
仲有	17
唔同	17
以前	17
幫	16
朋友	16
請	16
中意	16
今日	16
呢度	16
叫	16
大	16
發	15
時間	15
淨係	15
死	15
手機	15
查	15
整	14
人哋	14
開始	14
嗰啲	14
間	14
一下	14
種	14
最	14
完	14
地方	13
知道	13
改	13
屋企	13
電腦	13
語言	13
開	13
即係	13
新	13
廣州	13
有人	12
見到	12
緊	12
快	12
情況	12
英文	12
啱	12
嗰	12
走	12
啱啱	12
點樣	12
搞到	12
功能	12
邊度	12
正常	12
網站	12
句	11
以為	11
樣	11
可	11
一定	11
諗住	11
得閒	11
讀	11
入	11
係唔係	11
希望	11
揀	11
入面	11
邊	11
香港	11
先至	11
一直	11
驚	10
方便	10
冇人	10
只係	10
一齊	10
加	10
連	10
電話	10
同埋	10
埋	10
認	10
瞓	10
來	10
吖	10
算	10
閣下	10
下載	10
美國	10
定	10
三	10
文化	10
將	10
好耐	10
幫手	10
嗰陣	9
坐	9
中	9
安裝	9
難	9
多謝	9
本	9
需要	9
靚	9
聲	9
時候	9
而	9
老師	9
日	9
落	9
錯	9
錢	9
得到	9
開心	9
台	9
平時	9
位	8
信	8
試下	8
聽到	8
唔見	8
雖然	8
新會	8
阿媽	8
仲係	8
以後	8
個人	8
添	8
差唔多	8
隻	8
估	8
就冇	8
梗係	8
被	8
設置	8
貓	8
先生	8
睇到	8
冇得	8
唔通	8
講嘢	8
見	8
公司	8
由	8
最好	8
詞	7
片	7
仲未	7
轉	7
起	7
網上	7
不如	7
其它	7
只	7
咁多	7
上面	7
號	7
默認	7
一次	7
江門	7
今次	7
就可以	7
學校	7
文	7
中國	7
請問	7
仲要	7
冇乜	7
反正	7
變	7
更	7
生	7
亦都	7
版	7
歌	7
今年	7
繼續	7
間屋	7
教	7
歡迎	7
比較	7
完全	7
比	7
一般	7
個個	7
支持	7
從	7
粵	7
邊有	6
真	6
表達	6
還	6
收到	6
唔該	6
瞓覺	6
嗰邊	6
次	6
少	6
顯示	6
女仔	6
個音	6
廣東	6
衰	6
錄	6
以	6
頂	6
去到	6
任何	6
出現	6
麻煩	6
成日	6
鬼	6
定係	6
掂	6
冇嘢	6
解決	6
就算	6
推廣	6
文字	6
做咩	6
建議	6
名	6
所有	6
講法	6
打字	6
頭	6
重要	6
清楚	6
垃圾	6
世界	6
幾多	6
學生	6
投訴	6
收	6
有時	6
邊啲	6
飲	6
當	6
味	6
不	6
受	6
傾	6
仔	6
入去	6
書	6
因爲	6
日文	6
聽日	6
記得	6
好好	6
方法	6
實	6
上網	6
怪	6
規範	5
之類	5
語	5
社會	5
表	5
口	5
差	5
確實	5
討論	5
度	5
前	5
點解要	5
後	5
清	5
只要	5
依家	5
心	5
山	5
身	5
內容	5
方案	5
耳機	5
亂	5
除咗	5
哋	5
廣告	5
更加	5
小	5
國語	5
粵文	5
早	5
吖嘛	5
政府	5
模糊	5
幾時	5
指	5
方面	5
起身	5
語音	5
字體	5
為咗	5
一個人	5
調	5
始終	5
道	5
噃	5
根本	5
傾偈	5
單	5
帶	5
解釋	5
最後	5
遊戲	5
用戶	5
網	5
個名	5
得意	5
張	5
狗	5
上傳	5
簡單	5
年	5
冇辦法	5
準備	5
問下	5
留意	5
使	5
作者	5
月	5
習慣	5
分	5
恥笑	5
一啲	5
改變	5
更新	5
堂	5
者	5
亦	5
角度	5
求	5
系統	5
返嚟	5
部	5
冇問題	5
影響	5
用字	5
飯	5
有得	5
然後	5
全部	5
嚟㗎	5
肯定	5
成個	5
專業	5
越	5
從來	5
慘	5
顏色	5
咯	5
冇錯	5
份	5
有咩	5
廣東話	5
國家	5
日本	5
翻譯	5
冇事	4
靠	4
性	4
夜晚	4
有關	4
台灣	4
區	4
地區	4
一段	4
即刻	4
學習	4
車	4
中文	4
校	4
新聞	4
原因	4
核突	4
反饋	4
加入	4
文章	4
戴	4
慢慢	4
生日	4
本地	4
反映	4
經常	4
爭	4
一種	4
其他	4
樣嘢	4
女	4
確定	4
複製	4
過嚟	4
撳	4
打機	4
門	4
個鐘	4
只有	4
參與	4
噉講	4
遲	4
介紹	4
決定	4
當然	4
相信	4
慢	4
未見	4
下面	4
證明	4
大人	4
天	4
無	4
之	4
無論	4
口音	4
北方話	4
正確	4
仆街	4
放鬆	4
裝	4
有成	4
換	4
班	4
令	4
黐線	4
測試	4
勁	4
黐	4
理	4
普	4
就真	4
向	4
而且	4
軟件	4
阿爺	4
補充	4
跟	4
肯	4
啩	4
能力	4
屌	4
代表	4
蘋果	4
程度	4
幅圖	4
現實	4
等陣	4
跟住	4
做緊	4
着	4
標準	4
自然	4
眾	4
圍	4
本身	4
第一次	4
好友	4
訊息	4
寫法	4
廣州話	4
英語	4
聽過	4
嗯	4
配音	4
講出	4
送	4
放	4
講緊	4
擔心	4
班人	4
今晚	4
第一	4
另外	4
冇所謂	4
主	4
匿名	4
靚仔	4
超	4
複雜	4
分享	4
覆	4
變調	4
濕	4
傻	4
一條	4
讀音	4
注意	4
喂	4
最近	4
落去	4
就快	4
工	4
野	4
頭先	4
中國人	4
咋	4
數據	4
思維	4
佬	4
方式	4
發達	4
關係	4
哦	4
版本	4
研究	4
笑	4
攰	4
養	4
要改	4
理解	3
咩意思	3
數	3
證據	3
麵	3
主要	3
睬	3
錯字	3
咁耐	3
老婆	3
擺	3
女人	3
出來	3
常用	3
自動	3
注音	3
抵	3
腦	3
想要	3
細	3
試試	3
搜尋	3
高	3
好過	3
與	3
無法	3
生僻	3
去食	3
關注	3
件	3
介意	3
少少	3
客	3
導致	3
二	3
作為	3
醒	3
喐	3
要求	3
公衆	3
寫嘢	3
嗰種	3
咁大	3
麥當勞	3
慶祝	3
用咩	3
落嚟	3
北	3
撈	3
禮拜	3
傳	3
同一	3
後面	3
打出	3
學識	3
鍵	3
出去	3
必要	3
聲母	3
就嚟	3
講乜	3
有問題	3
回答	3
多謝晒	3
五	3
活動	3
就噉	3
突然	3
圖	3
返去	3
反對	3
甚至	3
尋晚	3
重點	3
劍	3
推	3
爭論	3
老嘢	3
上去	3
遲早	3
城	3
搵	3
年代	3
床	3
叻	3
詞彙	3
有可能	3
一排	3
病毒	3
網絡	3
交	3
火	3
三十	3
支	3
廣西	3
卸載	3
點解會	3
一樣嘢	3
需求	3
賣	3
玻璃	3
追	3
傳統	3
眼	3
尖	3
儘量	3
有興趣	3
陳	3
咁快	3
願	3
已	3
發音	3
講真	3
紅	3
推薦	3
法	3
一早	3
嗌	3
具體	3
每個人	3
錯過	3
公告	3
成績	3
睇落	3
水準	3
要錢	3
到時	3
架	3
訂	3
唔記得	3
眼瞓	3
聯絡	3
成功	3
開工	3
絕對	3
諗法	3
路	3
其中	3
區分	3
百度	3
犀利	3
未試過	3
打開	3
識講	3
牛肉	3
估下	3
嗰度	3
講埋	3
題	3
色	3
九	3
封	3
一日	3
既	3
鐘	3
稱	3
酒	3
記憶	3
考	3
針對	3
詞庫	3
正	3
想見	3
指教	3
衰落	3
一部	3
完美	3
好睇	3
唔好意思	3
第三	3
家	3
懶音	3
護照	3
課	3
工作	3
如何	3
水	3
黃	3
噏	3
呆	3
款	3
講下	3
本來	3
話題	3
手	3
地	3
意見	3
層次	3
努力	3
直播	3
接	3
容易	3
身體	3
家下	3
劇	3
講得	3
佛山	3
救	3
錄音	3
借	3
粵語拼音	3
點寫	3
撤回	3
消息	3
覺	3
街	3
計	3
似	3
必須	3
只不過	3
把	3
食物	3
油	3
見過	3
微軟	3
戶口	3
內	3
隧道	3
夾	3
後生	3
好冇	3
生意	3
嘈	3
夜	3
睇嚟	3
拉	3
回應	3
資訊	3
攞	3
怕	3
姐	3
林	3
電視台	3
做乜	3
第一個	3
多過	3
接觸	3
輸	3
陣	3
下次	3
邊位	3
睇書	3
彈幕	3
噉諗	3
咩字	3
嘛	3
侵蝕	3
嗰間	3
字幕	3
留言	3
人嚟	3
提供	3
撐	3
入邊	3
睇下先	3
華	3
起碼	3
時	3
講笑	3
望	3
面	3
管理	3
捉	3
意	3
暫時	3
言	3
至	3
唔緊要	2
影片	2
記憶力	2
重	2
真相	2
噉解	2
分鐘	2
做錯嘢	2
湯	2
外賣	2
教程	2
子彈	2
從此	2
消失	2
劉	2
錫	2
北方	2
大食	2
相容	2
窿	2
畫	2
邀請	2
封閉	2
電話號碼	2
至少	2
訊飛	2
連接	2
嚿	2
包	2
日日	2
讀書	2
原本	2
權限	2
太過	2
首	2
宣傳	2
提	2
過去	2
流行	2
土	2
衝突	2
歐美	2
欣賞	2
唯一	2
以下	2
要設	2
教學	2
更多	2
塊面	2
食飯	2
普及	2
尤其	2
嘢食	2
屋主	2
打算	2
簡體字	2
拍	2
基本	2
一年	2
心態	2
食嘢	2
未必	2
用手	2
照住	2
其他人	2
嚟自	2
加州	2
灣	2
多半	2
截圖	2
規定	2
示範	2
特別	2
咁早	2
斷線	2
切換	2
試	2
冇咩	2
一個字	2
音標	2
點讀	2
歲	2
價錢	2
手法	2
團結	2
似乎	2
標注	2
陣間	2
出街	2
挺身而出	2
任何人	2
討論組	2
選	2
拜登	2
拜金	2
類似	2
舉	2
做功課	2
總結	2
規律	2
類	2
要點	2
文言	2
結	2
夢想	2
舊	2
互	2
異體字	2
之間	2
最緊要	2
高質	2
登記	2
身上	2
行動	2
口臭	2
平民	2
逼巴士	2
腳	2
趌	2
筆畫	2
盲	2
免費	2
試用	2
阿	2
保存	2
第一日	2
晨早	2
對話	2
用到	2
咪住	2
兄弟	2
記住	2
過癮	2
曾經	2
大佬	2
傷心	2
畢竟	2
深圳	2
冚	2
紅酒	2
揮發	2
家境	2
何必	2
影	2
集	2
市	2
開開心心	2
認真	2
選擇	2
目前	2
過年	2
照樣	2
冧樓	2
達	2
做埋	2
卡通片	2
某	2
國	2
國內	2
朋友圈	2
理由	2
戇鳩	2
複讀	2
動畫	2
越南	2
待	2
愛	2
和平	2
完善	2
父母	2
批	2
網址	2
小學生	2
部首	2
電影	2
類型	2
條件	2
阻	2
就咁	2
無聊	2
通常	2
幾十	2
輪迴	2
客家人	2
日本人	2
户	2
舊版	2
閱讀	2
遊	2
有些	2
飲酒	2
身邊	2
項目	2
傾下	2
關	2
收皮	2
硬係	2
做錯	2
兒童	2
點做	2
上載	2
冇水	2
詞典	2
穀歌	2
有錢	2
失望	2
使乜	2
空間	2
鎖住	2
靜	2
難睇	2
強	2
鳩	2
魚	2
戲	2
一點	2
租	2
酒店	2
行	2
府	2
志	2
何	2
雞腳	2
意義	2
六	2
煩	2
按	2
保持	2
乾淨	2
嚴謹	2
燈	2
本人	2
型	2
乜水	2
停	2
節目	2
聼	2
掃	2
萬	2
冇文化	2
嘩	2
重複	2
高考	2
諗下	2
擁有	2
感覺	2
酒精	2
南方	2
重視	2
插圖	2
唔錯	2
大多數	2
要上	2
賤	2
怨	2
推出	2
發覺	2
十	2
寫成	2
音樂	2
張相	2
標	2
返屋企	2
微博	2
階級	2
鄭	2
合	2
遷	2
質素	2
點可以	2
周圍	2
醫生	2
人類	2
攝像頭	2
某啲	2
兩三	2
十分	2
正字	2
芥	2
聽朝	2
跟風	2
論壇	2
失去	2
噉有	2
開發	2
陰陽	2
記	2
老鄉	2
實際	2
把聲	2
普通話	2
嘥時間	2
順序	2
查字典	2
目標	2
道路	2
鬼佬	2
分裂	2
趕	2
糧	2
日期	2
多多	2
嗰時	2
隨時	2
私	2
聊	2
好彩	2
分手	2
職業	2
官話	2
四	2
摸	2
嗰次	2
砲	2
唱歌	2
多次	2
杯	2
手寫	2
輸入	2
又要	2
使用	2
字典	2
五筆	2
管理員	2
機會	2
精	2
鄉下	2
效果	2
放心	2
辣	2
落雨	2
就話	2
人死	2
內部	2
想法	2
有機會	2
擒	2
牆	2
邊隻	2
友	2
煲冬瓜	2
德國	2
安全	2
一定會	2
系	2
不正常	2
明星	2
操作	2
app	2
應用	2
深度	2
優勢	2
畀返	2
店	2
狼	2
閂門	2
細路	2
距離	2
講到	2
爛	2
厲害	2
留	2
地獄	2
附近	2
講咩	2
睇過	2
高人	2
工具	2
過來	2
輪	2
有少少	2
資料	2
參考	2
冇晒	2
備份	2
家姐	2
金	2
可惜	2
離開	2
經典	2
套	2
神	2
多口	2
臭	2
技術	2
嘢做	2
刪除	2
登入	2
第個	2
就要	2
戴眼鏡	2
正面	2
不同	2
即可	2
失敗	2
進行	2
啱先	2
屋企人	2
之內	2
此	2
浙江	2
特殊	2
字母	2
原始	2
二百	2
縮	2
放入	2
或	2
熟	2
一係	2
歧視	2
正體字	2
節	2
星星	2
全家	2
恐懼	2
逐	2
能	2
漢字	2
耶魯	2
會議	2
己	2
設定	2
世代	2
同事	2
廣東人	2
牌子	2
點會	2
使錢	2
早晨	2
香江	2
朝早	2
醫院	2
當時	2
屎	2
處理	2
估計	2
髮型	2
安卓	2
數字	2
自	2
同人	2
個月	2
崇	2
加上	2
若然	2
檔	2
規矩	2
快樂	2
回覆	2
段	2
字形	2
用嚟	2
娥	2
外露	2
皮膚	2
傻仔	2
隔離	2
艙	2
破音字	2
私人	2
權	2
花生	2
捱	2
答	2
唱	2
許	2
媽媽	2
小氣	2
份人	2
咁啱	2
阿女	2
峰	2
病	2
非典	2
細路女	2
週六	2
簡	2
拼	2
拖	2
細個	2
做出	2
思	2
瘦	2
白化病	2
年紀	2
影子	2
嚟講	2
老豆	2
背	2
乜滯	2
兼職	2
沖	2
B站	2
慣	2
地震	2
山東	2
報	2
放狗	2
同時	2
升級	2
成	2
易	2
句子	2
發展	2
禁	2
兩邊	2
用下	2
就識	2
無關	2
保護	2
線	2
重新	2
呵	2
舐嘢	2
踩	2
雷	2
橫掂	2
倉頡	2
此處	2
出到	2
期待	2
查下	2
大學	2
拜	2
萬能	2
高級	2
古人	2
粒	2
有多	2
好聽	2
悶	2
娛樂	2
能夠	2
文明	2
羊城	2
咁多位	2
亂講	2
老牌	2
配	2
領域	2
子	2
頭像	2
每個	2
地主	2
加拿大	2
第二個	2
愈	2
海關	2
超市	2
未來	2
掣	2
作用	2
符號	2
說明	2
善	2
變成	2
漢奸	2
日語	2
十萬	2
大神	2
漏	2
上線	2
西	2
遷就	2
間房	2
男人	2
出奇	2
引導	2
搜狗	2
例子	2
以上	2
快捷	2
斤	2
兩萬	2
七	2
暈	2
一模一樣	2
負責	2
使鬼	2
對方	2
命運	2
鬧	2
幾有	2
禮貌	2
遇到	2
蚊	2
難講	2
客家話	2
嘎	2
震	2
嘗試	2
朗讀	2
主流	2
文檔	2
調查	2
煮	2
機	2
寄	2
搜	2
添加	2
耶穌	2
追求	2
冇心	2
生活	2
狀態	2
睇睇	2
可否	2
巴士	2
感情	2
作	2
激死人	2
確	2
發生	2
壞人	2
長	2
隨便	2
哲學	2
話語	2
搞落去	1
提過	1
乜鬼嘢	1
降	1
膚淺	1
識穿	1
低B	1
散	1
提升	1
信用	1
遙遙無期	1
改造	1
沖涼	1
每	1
廿	1
麻將	1
唔怪得	1
不斷	1
通知	1
牛丸	1
語音合成	1
冷漠	1
特登	1
同音	1
介面	1
出問題	1
兜圈	1
隨住	1
開放	1
背住	1
搞搞震	1
擋	1
生命	1
點打	1
咁夜	1
傾掂	1
祥	1
式	1
音韻	1
面目	1
自我	1
陶醉	1
基督	1
說話	1
未曾	1
積	1
顯然	1
符	1
碼	1
幾點	1
黐埋	1
雞皮	1
圈	1
鄉村	1
偏遠	1
客車	1
點叫	1
攝親	1
凍親	1
古代	1
文化交流	1
單人	1
旁	1
等待	1
樣樣	1
咁多次	1
錯漏	1
暈低	1
坦白	1
略	1
大差	1
距	1
信服	1
較	1
兩星期	1
思想	1
新派	1
情感	1
舊派	1
反查	1
舊學	1
刮	1
颱風	1
對比	1
表格	1
直觀	1
潔癖	1
頂包	1
羔羊	1
冇法子	1
出位	1
睇頭	1
魚湯	1
撈飯	1
創	1
新寧縣	1
開平	1
縣	1
遠	1
番	1
禺	1
組成	1
番禺	1
爸媽	1
教落	1
同行	1
出身	1
諗起	1
關鍵	1
立	1
幼兒	1
啟	1
蒙	1
遲啲	1
擰轉	1
擰	1
中肯	1
利用	1
平壤	1
紅綠燈	1
屬於	1
准	1
優越	1
提到	1
內地	1
尊重	1
下人	1
噉囉	1
傾下偈	1
唱衰	1
凸顯	1
主義	1
暴發戶	1
就任	1
各種	1
伊拉克	1
侯賽因	1
發夢	1
贏	1
坐商	1
務	1
調查結果	1
少人	1
有寫	1
冇修	1
復	1
提筆忘字	1
車厘子	1
動物	1
四腳爬爬	1
光鮮	1
時期	1
密	1
傳聲	1
白血病	1
特	1
餐	1
椒鹽	1
骨	1
內人	1
貪新鮮	1
餐廳	1
每朝	1
同學	1
暑期工	1
蝦球	1
講極	1
費	1
鬼事	1
廠商	1
通病	1
劃分	1
平心而論	1
牙齒當金使	1
多兩	1
千	1
聽錯	1
鏈接	1
帶有	1
運用自如	1
不承認	1
多謝先	1
左下角	1
考完	1
一下子	1
衝	1
愛心	1
捱夜	1
同江	1
一家人	1
高低	1
長短	1
畀個	1
名詞	1
策劃	1
模式	1
搜索	1
喊	1
諗過	1
反應	1
古音	1
講嚟話長	1
貴港	1
花僆	1
倞	1
十零	1
少年	1
呃人	1
講大話	1
嘥心機	1
小學雞	1
獲得	1
少嘢	1
盡量	1
貶低	1
只需	1
學府	1
工商管理	1
泰國	1
長笛	1
開地	1
炮	1
存取	1
冇開	1
大部分	1
清洗	1
抵抗	1
美國人	1
自拍	1
算係噉	1
邊種	1
接近	1
開會	1
大媽	1
夜郎自大	1
有時候	1
優化	1
筆劃輸入法	1
巨蟹座	1
睇法	1
院	1
判斷	1
次選	1
調值	1
一起	1
高山	1
士	1
收睇	1
字詞	1
分離	1
發佈	1
婚	1
有用	1
退學	1
猜測	1
先知	1
隻碟	1
叉	1
廚房	1
好食	1
選用	1
牛	1
胸	1
腩	1
餸	1
追逐	1
冇寫	1
忽然	1
諗返	1
炒魷魚	1
食無情雞	1
不妨	1
麻	1
菇	1
審	1
磁碟	1
成人	1
弱智	1
啱晒	1
紅菜頭	1
差個	1
做開	1
一切	1
病人	1
衰人	1
梳理	1
哥	1
拉去	1
跪玻璃	1
咁平	1
來源於	1
壓榨	1
打畀	1
痛苦	1
跛	1
行路	1
天理	1
妳	1
效	1
前任	1
見面	1
嘴	1
第二日	1
共	1
枕	1
拼寫	1
串連	1
黑板	1
有料	1
走晒	1
堅	1
惡意	1
退	1
後期	1
龍飛鳳舞	1
今個	1
暑假	1
行街市	1
街市	1
撚	1
冇癮	1
解決問題	1
公開	1
招募	1
體驗	1
官	1
渺小	1
廣闊	1
癮	1
閪	1
畀面	1
澳洲	1
防疫	1
措施	1
危害	1
大過	1
十倍	1
唔止	1
搵邊個	1
虱乸	1
痕	1
會錯意	1
經歷	1
淪陷	1
撈人	1
佔據	1
即興	1
現已	1
結束	1
棒	1
唥	1
查看	1
過濾	1
一啲啲	1
零	1
一百萬	1
不論	1
地位	1
派	1
定心丸	1
逳	1
特點	1
有魅力	1
隔	1
演技	1
耐性	1
怕人	1
七百	1
二十	1
開場	1
沿海	1
懷集	1
性格	1
屋簷	1
根據	1
二十一日	1
理論	1
徹底	1
再試	1
誤人子弟	1
未有	1
借字	1
一陣間	1
繁體	1
高中	1
執頭執尾	1
死人	1
黐膠花	1
發大	1
超人	1
去邊度	1
乳膠	1
次品	1
碎	1
珠	1
鏈	1
返來	1
承認	1
有聽	1
過度	1
星座	1
片面	1
重返	1
高清	1
咳	1
慳錢	1
食品	1
最終	1
目的地	1
再次	1
審閱	1
兵不厭詐	1
食得禾米多	1
日常	1
高興	1
認識	1
補上	1
保住	1
各人	1
壯族	1
喇叭	1
小姐	1
傳送	1
視窗	1
抖動	1
音訊	1
不然	1
概念	1
電視劇	1
自由	1
皮	1
洗手	1
願意	1
含	1
制	1
污糟	1
前後	1
過程	1
食古不化	1
聊下	1
用慣	1
相思	1
歸去	1
暮	1
懷疑	1
蒐集	1
私隱	1
信息	1
噉咪	1
延伸	1
電郵	1
窩心	1
業餘	1
第度	1
打電話	1
訓練	1
大猩猩	1
掌	1
歲月	1
回首	1
老一輩	1
旨意	1
跪低	1
嗲	1
羨慕	1
安	1
享	1
日子	1
光頭	1
海鮮	1
因住	1
痛風	1
滿足	1
侵	1
清零	1
市民	1
乜事	1
入便	1
內爆	1
惰性	1
成本	1
太低	1
出國	1
啓蒙	1
教材	1
邊部	1
菲傭	1
相片	1
獨立	1
勞氣	1
用語	1
嫌	1
教師	1
攞個	1
平衡	1
新學	1
自在	1
游水	1
緊張	1
改進	1
到時候	1
大衆	1
編成	1
一班	1
衣櫃	1
魔鬼	1
下降	1
咁鬼	1
矇	1
冇理由	1
度度	1
噉接	1
揾食	1
雌性	1
會試	1
想睇	1
雞腸	1
比賽	1
實力	1
紅色	1
無國界	1
佩服	1
基因	1
嬰兒	1
橫	1
接聽	1
字根	1
簡化	1
景點	1
發多次	1
乜野	1
明朝	1
高州	1
記載	1
唉	1
咖啡	1
飲品	1
替換	1
諸多	1
帳號	1
個中	1
稿費	1
豉油	1
王	1
主動	1
兩個字	1
某種	1
相通	1
先發	1
樣例	1
黃金海岸	1
水上	1
樂園	1
定義	1
永遠	1
中聽	1
不切實際	1
歌詞	1
一般嚟講	1
撈亂	1
爭啲	1
就睇	1
着衫	1
識到	1
羅	1
永	1
浩	1
遍地黃金	1
正義	1
枚	1
真心	1
掃碼	1
微信	1
支撐	1
落來	1
大部份	1
十八	1
瀏覽量	1
幻聽	1
一日到黑	1
硬頸	1
好人	1
吖嗱	1
嗰樣	1
難聽	1
次次	1
走埋嚟	1
識聽	1
收視率	1
辦法	1
黑人	1
恭喜	1
身處	1
高位	1
下位	1
清理	1
鑊	1
糖	1
增色	1
增	1
齊	1
再加	1
銀包	1
演藝界	1
巨星	1
每週	1
掛畫	1
偈	1
天生	1
另類	1
非洲	1
黑鬼	1
廢青	1
禮拜六	1
撩	1
打死	1
日後	1
任務	1
詳細	1
師弟	1
見解	1
印象	1
深刻	1
引發	1
起更	1
人人	1
一味	1
強調	1
卻步	1
非	1
價值	1
價	1
網紅	1
玩下	1
記錄	1
古怪	1
睇電視	1
煲	1
蓋	1
詩	1
譜	1
吞	1
開頭	1
同名同姓	1
人影	1
編輯	1
共識	1
一套	1
衛生	1
組織	1
勉強	1
放學	1
最多	1
分化	1
嚴重	1
咋喎	1
平板	1
筆記本	1
冇學	1
心理	1
被迫	1
買樓	1
對唔住	1
嗰日	1
有心	1
激嬲	1
諗緊	1
尋日	1
三分	1
跌斷	1
有眼睇	1
蒲	1
一早就	1
起嚟	1
東南亞	1
扮傻	1
鬼火咁靚	1
嚇到	1
敢	1
彩虹	1
講白	1
門口	1
順暢	1
互相	1
更換	1
武器	1
死前	1
北極	1
成長	1
每當	1
發畀	1
土瓜灣	1
官方語言	1
調整	1
作息時間	1
撇	1
友好	1
未決定	1
前者	1
頸	1
口訣	1
加快	1
勳章	1
以爲	1
花	1
籽	1
執	1
紙皮	1
謀生	1
堆	1
難道	1
現象	1
晚期	1
跪	1
男性	1
女性	1
比例	1
元宵	1
大戰	1
眼淚汪汪	1
細佬哥	1
仁義	1
市場	1
出手	1
幾耐	1
夠膽	1
日出	1
對應	1
按照	1
排列	1
客氣	1
下下	1
一致	1
爭取	1
上相	1
遇	1
維護	1
外文	1
要讀	1
居然	1
首位	1
細節	1
滔滔不絕	1
冇用過	1
空格	1
發言權	1
理想	1
建築師	1
約	1
彎	1
通過	1
點知	1
立場	1
每月	1
漢典	1
不捨得	1
花錢	1
識睇	1
部分	1
酬勞	1
釣魚	1
臂彎	1
強壯	1
儲	1
入侵	1
患	1
灰	1
第六	1
喜馬拉雅	1
吟誦	1
贊同	1
造成	1
爭議	1
再發	1
齋啡	1
一定要	1
白話文	1
乜人	1
二次	1
適合	1
平	1
入到去	1
鎮	1
竟然	1
反	1
主管	1
第日	1
就知	1
贊成	1
免	1
打擾	1
擔水	1
泥	1
武	1
身體力行	1
實踐	1
想出	1
一回事	1
默許	1
瞓醒覺	1
先算	1
古典音樂	1
甜	1
本地人	1
日貨	1
窮	1
語法	1
惡頂	1
自知	1
出入境	1
瞄	1
機器	1
一句	1
九宮	1
口罩	1
波	1
雙行	1
中國電信	1
北國	1
水電費	1
文本	1
噉要	1
效率	1
逐個	1
四川	1
入來	1
冇用	1
做大	1
當機立斷	1
罰	1
打探	1
做人	1
仗	1
壓力	1
緊工	1
鐘意	1
藍綠	1
來講	1
不法之徒	1
庫	1
並冇	1
資金	1
一輪	1
掹	1
出世	1
簿	1
醒目	1
突然間	1
蜎出	1
鱷魚	1
諗辦法	1
奧地利	1
位元	1
地下	1
籍貫	1
五邑	1
第五	1
教育	1
平日	1
閑	1
一份	1
參與者	1
貢獻	1
例如	1
趙麗穎	1
父	1
祖輩	1
皆	1
農民	1
回避	1
返工	1
寫低	1
原生	1
堅決	1
打擊	1
坐地起價	1
趕客	1
正版	1
厄	1
災	1
跟隨	1
辦理	1
制度	1
慳	1
民不聊生	1
剩低	1
戰	1
麻麻地	1
阿嫲	1
烤鴨	1
啲啲	1
手下	1
黑手黨	1
逼	1
社交	1
底下	1
墊底	1
據	1
網頁	1
上邊	1
運行	1
無關痛癢	1
點講	1
淺顯	1
春雷	1
做下	1
一題	1
不予置評	1
智	1
雄	1
唔只	1
求其	1
乜春	1
解放	1
出發	1
咩話	1
加班	1
掌握	1
公文	1
法語	1
房	1
咩嚟㗎	1
出面	1
空氣	1
稀薄	1
過鬼	1
魂	1
瘟疫	1
明知	1
非法	1
踩線	1
公式	1
簿仔	1
卒仔	1
攞獎	1
攬	1
過人	1
白色	1
四角	1
底褲	1
靈魂	1
外來	1
媳婦	1
郎	1
越做越	1
細路仔	1
潮流興	1
除非	1
周街	1
噉問	1
返學	1
世紀	1
新會縣	1
控制	1
雙管齊下	1
上好	1
至得	1
何時何地	1
有嘢	1
請教	1
之嘛	1
打攪晒	1
各	1
娛樂場所	1
場地	1
最大	1
眼鏡	1
薩	1
琪	1
瑪	1
虛心	1
信封	1
利是	1
蒲頭	1
估到	1
柳州	1
今朝	1
願賭服輸	1
鹹魚	1
渴	1
燒鵝	1
馬戲團	1
獅子	1
老虎	1
飽	1
走先	1
九五年	1
至於	1
流	1
寫字	1
踴躍	1
投票	1
天使	1
令人	1
原聲帶	1
忍心	1
辛苦	1
真正	1
手提電話	1
無線	1
叉電	1
訓	1
聽電話	1
星期	1
感謝	1
單身	1
拍拖	1
專一	1
現狀	1
如此	1
撈仔	1
讀法	1
風氣	1
嚴峻	1
客居	1
中原	1
漢人	1
文宣	1
對付	1
上年	1
英國	1
大選	1
廣場	1
噴	1
雪花	1
總	1
語氣	1
輸出	1
停電	1
要睇	1
字庫	1
筆	1
窄	1
範圍	1
新增	1
容	1
選項	1
英國人	1
白宮	1
單獨	1
煮沸	1
發表	1
不當	1
言論	1
睇返	1
用詞	1
肺	1
山頂	1
大陸人	1
勝任	1
個噃	1
七月	1
人民	1
兩句	1
前身	1
越語	1
博客	1
酷	1
掌控	1
天上	1
影相	1
拗撬	1
燥底	1
鬥	1
要面	1
收銀	1
三年	1
賭債	1
黃秋生	1
赤	1
溪	1
做客	1
家人	1
清政府	1
調停	1
結果	1
如	1
不便	1
於	1
所	1
定時	1
組	1
提出	1
專業人士	1
測驗	1
相對	1
完畢	1
二千	1
縫	1
八	1
針	1
妄想	1
會話	1
入鄉隨俗	1
跳樓	1
冇死	1
跳落嚟	1
笪	1
無辜	1
出於	1
愛護	1
睇完	1
了解	1
面貌	1
屎忽鬼	1
減輕	1
因	1
中風	1
致死	1
樓	1
一路	1
堅持	1
坦蕩	1
蕩	1
低調	1
成為	1
交通樞紐	1
貴	1
嗷	1
靚到沊一聲	1
忽	1
聽聞	1
搞事	1
去邊	1
隱藏	1
點讚	1
代	1
經營	1
進步	1
吹	1
蠟燭	1
豐富	1
表情包	1
至多	1
口水	1
長氣	1
閂	1
鍵盤	1
實現	1
偷呃拐騙	1
嘥	1
好多時	1
自帶	1
打工仔	1
構成	1
難關	1
管	1
火車未到站	1
有病	1
對抗	1
提議	1
改名	1
蓬	1
外國人	1
設計	1
宗教	1
失陪	1
提醒	1
對於	1
熟手	1
幫助	1
哈哈	1
第	1
n	1
無視	1
考慮	1
伯	1
清晰	1
圖形	1
無限	1
旋轉	1
伏	1
太陽	1
搞掂	1
零舍	1
擒青	1
森林	1
三年級	1
基本上	1
五千	1
優	1
青春	1
閉塞	1
洗腦	1
癲	1
兩者	1
兼顧	1
固然	1
保留	1
提示	1
海外	1
率	1
太少	1
咁上下	1
留步	1
包租公	1
包租婆	1
流眼淚	1
外來人	1
諸子百家	1
筍嘢	1
淨	1
孔子	1
後來	1
畫畫	1
到嘔	1
食屎	1
澳門	1
葡文	1
作賤自己	1
中秋節	1
太慢	1
費時	1
回憶	1
假	1
雞頭	1
大發	1
現	1
煎	1
多士	1
搣爛	1
老土	1
求解	1
表情	1
小學	1
死信	1
大搞	1
客家	1
篇	1
同樣	1
評論	1
觀察	1
網媒	1
輪到	1
做東	1
部車	1
天氣	1
凍	1
早已	1
妹妹	1
搭	1
到爛	1
私下	1
賬	1
藍色	1
鎖	1
報道	1
審視	1
俊俏	1
咩嘢	1
首都	1
商務	1
難民	1
物品	1
沒收	1
兼夾	1
顏	1
時代	1
埋沒	1
叻仔	1
薯片	1
賺	1
千幾	1
銀	1
快速	1
得罪	1
威脅	1
去廁所	1
否則	1
再改	1
切勿	1
乞兒	1
篼	1
揦	1
飯食	1
頸渴	1
睡房	1
困難	1
障礙	1
小事	1
阿哥	1
倫敦	1
最細	1
巴黎	1
玩緊	1
女朋友	1
冇乜嘢	1
等住	1
抨	1
整鬼	1
下話	1
近	1
南島	1
假期	1
嬲	1
運動	1
足球	1
機會率	1
運氣	1
錢銀	1
未做	1
出嘢	1
咪話	1
學晒	1
鹹	1
偷拍	1
裙	1
底	1
婦科	1
有排受	1
假裝	1
亂寫	1
鶴	1
形	1
即	1
手指	1
拚	1
牙	1
殺傷	1
年輕人	1
反而	1
噉喎	1
貴庚	1
十二	1
有禮	1
物	1
拖動	1
定位	1
細細個	1
古仔	1
太空人	1
分歧	1
簡體	1
好處	1
張貼	1
需	1
既然	1
大事	1
聖誕	1
高處	1
壓迫	1
拮	1
漫	1
銷售	1
然而	1
動靜	1
沈	1
醉	1
過往	1
輝煌	1
進取	1
師兄	1
全世界	1
着重	1
候選	1
做嘢	1
霸氣	1
悲	1
每隻	1
花紋	1
大通	1
常	1
心臟	1
棺材	1
燒炮仗	1
嚇死	1
之所以	1
生鬼	1
引申	1
借用	1
天真	1
聲明	1
躝	1
生活費	1
返歸	1
馬騮	1
到一個點	1
涼	1
高手	1
拜師	1
短訊	1
除	1
仲有冇	1
話時話	1
豆丁	1
肉麻	1
腹肌	1
玩玩下	1
江西	1
室	1
個喎	1
形式	1
畢	1
福	1
會同	1
主打	1
編輯部	1
力	1
原料	1
聞	1
訊號	1
間隔	1
係噉先	1
語境	1
珠三角	1
粵西	1
揸	1
啲咁多	1
夢	1
一半	1
壯語	1
自自然然	1
弱	1
成世	1
做緊乜	1
拒絕	1
雙方	1
中立	1
亞馬遜	1
保障	1
多元	1
咦	1
早抖	1
安靜	1
紙質	1
地圖	1
研究下	1
半天吊	1
轉帳	1
猛咁	1
疏忽	1
捉到	1
後生仔	1
十幾	1
年前	1
有米	1
大檔	1
期限	1
閩語	1
而已	1
排外	1
越來越	1
亞視	1
員工	1
打靶仔	1
相	1
再度	1
原	1
今期	1
憎恨	1
榜	1
排法	1
克服	1
兼且	1
冠	1
天花病毒	1
滅絕	1
傻更更	1
一分	1
其	1
含意	1
食飽飯	1
䟴䟴腳	1
對詞	1
純	1
單字	1
混	1
修正	1
左	1
嬌	1
左膠	1
亦有	1
熠熠	1
炅	1
閃閃發光	1
正式	1
珠海	1
範本	1
抄	1
嚇	1
究竟	1
求子	1
觀音	1
靈擎	1
廠	1
西方國家	1
綠卡	1
榮	1
廣府片	1
南海	1
諮詢	1
中古	1
濁音	1
咁貴	1
已知	1
方向	1
畀心機	1
做生意	1
凡事	1
未確定	1
到會	1
恭喜發財	1
上嚟	1
就死	1
強制	1
手段	1
第二次	1
招呼	1
消除	1
去年	1
挖礦	1
一道	1
成年人	1
點將	1
企起身	1
就見到	1
樓下	1
有部	1
方	1
綜合	1
瞓晒	1
修圖	1
鬧人	1
四肢	1
頭腦	1
先到先得	1
作品	1
前言	1
序	1
術數	1
早知	1
盲摸摸	1
企業	1
抓緊	1
不得	1
老鼠	1
香口膠	1
寫作	1
業	1
諾基亞	1
筆劃	1
之外	1
批量	1
個性	1
精力	1
自控	1
觀點	1
未睇	1
功課	1
放出	1
新版	1
間諜	1
衛星	1
再會	1
劇情	1
韓劇	1
苦情	1
做乜嘢	1
爛仔	1
行為	1
邏輯	1
山東人	1
大師	1
全方位	1
配有	1
宏	1
闔	1
城市	1
出錯	1
製作	1
製作人	1
員	1
改成	1
擅長	1
巴黎聖母院	1
燒	1
新嚟新豬肉	1
新丁	1
脫離	1
生活圈	1
冇影	1
響	1
見賢思齊	1
焉	1
賢	1
自省	1
知識	1
派上用場	1
茶會	1
殘酷	1
一面	1
預覽	1
壓縮	1
斷	1
使用者	1
動漫	1
壽星公	1
乖乖	1
除外	1
人性	1
昔日	1
太平洋	1
鐵路	1
死難	1
道歉	1
放低	1
新西蘭	1
扮	1
閪晒	1
綁定	1
又知	1
後果	1
食花生	1
油多	1
浪費	1
片時	1
日常工作	1
約定俗成	1
一些	1
調研	1
如下	1
靜音	1
仲兼	1
廳	1
諗清楚	1
搞亂	1
嗮	1
流利	1
潑	1
冷水	1
望天打卦	1
界	1
無謂	1
詏撬	1
地頭	1
有幫助	1
對等	1
晚黑	1
廢柴	1
菜	1
食埋	1
垃圾食物	1
總之	1
令到	1
四邑話	1
聲調	1
獨特	1
加埋	1
補	1
火影忍者	1
細佬	1
溝	1
綠	1
冇機會	1
展開	1
騰訊	1
利	1
一啖	1
啖	1
文件	1
舉例	1
回歸	1
變化	1
叫醒	1
深海	1
棲息	1
海底	1
有計	1
忍	1
爆	1
坐低	1
托	1
冷靜	1
食晏	1
好多時候	1
珠江	1
睇中	1
央	1
花子	1
未聽過	1
不可想像	1
義	1
捐	1
偏見	1
事情	1
不合理	1
增生	1
暢所欲言	1
梯	1
女生	1
等一等	1
批准	1
死八婆	1
實驗	1
糾結	1
風	1
雨	1
極其	1
排斥	1
哇	1
慢慢食	1
一時	1
歷史	1
片段	1
工業	1
結論	1
先可以	1
睇出	1
男仔	1
拍過拖	1
宵夜	1
天秤座	1
男	1
自問自答	1
上山	1
蟹	1
獲取	1
簽收	1
快遞	1
又買	1
插	1
毋	1
配色	1
十一	1
尋求	1
好用	1
軟體	1
減少	1
亂打	1
幫下眼	1
米	1
百	1
二手	1
新電腦	1
面對	1
聯想	1
耳仔	1
受罪	1
亮點	1
扮嘢	1
走人	1
出書	1
工具書	1
小心	1
撳錯	1
通	1
印	1
入個	1
離線	1
有剩	1
自己執生	1
隨機應變	1
藥	1
單方面	1
難怪	1
開口埋口	1
大陸	1
油站	1
汽油	1
姓	1
行開	1
禁止	1
聊天	1
產品經理	1
收集	1
冇擔心	1
講出嚟	1
自己攞嚟衰	1
第四聲	1
捉魚	1
燦爛	1
成班	1
圍威喂	1
實在	1
樣衰	1
蕃茄	1
汁	1
接電話	1
臨	1
收尾	1
好玩	1
難搞	1
激進	1
風水	1
緊要	1
勞煩	1
老友	1
用於	1
運輸	1
期間	1
商品	1
泡泡	1
紙	1
就奇	1
堂課	1
齒音	1
大概	1
二十世紀	1
合併	1
左邊	1
夏	1
好記	1
糾正	1
交關	1
收錢	1
偏門	1
期望	1
勢	1
跌落	1
黎	1
講返	1
官僚	1
兼	1
夏天	1
無人	1
搏	1
即使	1
一個一個	1
下個禮拜	1
同時間	1
八十年代	1
紅底	1
國際	1
品牌	1
合作	1
仲多	1
瞓醒	1
發現	1
賀	1
各位	1
蒞臨	1
間中	1
再見	1
現場	1
感	1
漢文	1
譯名	1
貼合	1
現行	1
白費心機	1
醉翁	1
首相	1
祝賀	1
拜山	1
行過	1
路過	1
結婚	1
各方面	1
識得	1
香港人	1
源	1
先啱	1
責任	1
短時間	1
網友	1
淩	1
晨	1
時分	1
越南語	1
好學	1
寄住	1
婦女節	1
放假	1
鐵	1
分佈	1
第二	1
常規	1
順便	1
講句	1
贈	1
禮	1
批評	1
口語化	1
各方	1
梧州	1
系列	1
視頻	1
遁	1
術	1
高深	1
適當	1
裝備	1
減低	1
負擔	1
放工	1
帶去	1
可能性	1
寬頻	1
套餐	1
泛	1
冇心機	1
嗻	1
大地	1
老世	1
含撚	1
太細	1
個袋	1
收工	1
煮飯	1
感動	1
好工	1
手提	1
用作	1
可怕	1
湖南	1
笑聲	1
基礎課	1
龜	1
手上	1
詳情	1
挑戰	1
奇怪	1
嘥氣	1
維基百科	1
條目	1
仲有個	1
後嚟	1
黑	1
欄	1
檔仔	1
對調	1
值	1
變體	1
描述	1
過主	1
領導	1
粵人	1
搵到	1
稀有	1
品種	1
短	1
腿	1
謝	1
誠意	1
啱啱先	1
獨仔	1
味道	1
偶像	1
有機可乘	1
生存	1
隻揪	1
族人	1
野生動物	1
吃	1
身份	1
象	1
徽	1
副	1
媒體	1
輿論	1
民意	1
宣揚	1
價值觀	1
秘密	1
開胃	1
天河	1
路徑	1
中文系	1
統	1
抗日	1
總有	1
一天	1
上個月	1
麪包	1
原諒	1
但如果	1
潛水	1
聞到	1
扭曲	1
教育制度	1
先有	1
變態	1
想像力	1
過面	1
陌生人	1
分別	1
忘記	1
條規	1
則	1
大都	1
難得	1
靜英英	1
出鏡	1
自行	1
弊	1
唔單止	1
吓	1
發功	1
中秋	1
向下	1
譯成	1
書面	1
石龍	1
肥貓	1
成品	1
叫咩名	1
接受	1
口頭禪	1
在意	1
長洲	1
賓客	1
賓周	1
長大	1
妹	1
三圍	1
執包袱	1
懶	1
埋嚟	1
年華	1
不復	1
相逢	1
亂嚟	1
筷子	1
㓤	1
管家	1
攔截	1
科學	1
屬性	1
翻	1
員警	1
天職	1
除暴安良	1
儆惡懲奸	1
跨境	1
開罰單	1
核心	1
成員	1
最少	1
廢	1
谷歌	1
廣播	1
處長	1
刀	1
偏	1
入手	1
七點	1
初學	1
切要	1
廊	1
全集	1
視乎	1
活躍	1
出入	1
排序	1
朽木	1
不可	1
雕	1
也	1
親	1
一匹布咁長	1
試下先	1
散播	1
白色恐怖	1
音質	1
雜	1
頭大冇腦	1
草	1
繁體字	1
癡線	1
咁滯	1
詏	1
飛機	1
極	1
速	1
上升	1
過山車	1
消費	1
貴過	1
阿公	1
社團	1
咁多嘢	1
內心	1
認同	1
撞	1
撞板	1
戲曲	1
十點	1
青色	1
嗰隻	1
周星馳	1
鋒	1
獄	1
寫信	1
主題曲	1
放落	1
心情	1
港紙	1
叫做	1
青蟹	1
品位	1
串	1
一串	1
飆	1
沒落	1
默默	1
忍受	1
默契	1
大把	1
招安	1
面子	1
等於	1
宵	1
理學	1
同步	1
等等	1
食緊	1
雙拼	1
大一	1
就下	1
大多	1
貴公司	1
態度	1
死人冧樓	1
無啦啦	1
踢	1
上架	1
億	1
探長	1
洛	1
最尾	1
無需	1
聯網	1
密碼	1
竊取	1
有肉	1
一身蟻	1
敏感	1
腰帶	1
少爺	1
預備	1
移除	1
口淡淡	1
回事	1
思思縮縮	1
膽小	1
世界上	1
國旗	1
神父	1
口吻	1
固定	1
嗱嗱聲	1
出機	1
票	1
港澳	1
成日用	1
古老	1
家族	1
繼承人	1
搬	1
開展	1
學術研究	1
認爲	1
狀況	1
樂器	1
流浪狗	1
情人	1
做朋友	1
果然	1
估錯	1
韓國	1
捲	1
話說	1
裝上	1
況且	1
眼中	1
僅次於	1
奶	1
媽	1
爺	1
爸	1
優惠	1
早就	1
貨	1
女裝	1
李	1
捷	1
受到	1
疫情	1
控	1
風格	1
讑	1
瀏覽器	1
阻止	1
身世	1
精彩	1
搇	1
急	1
負面	1
太大	1
張力	1
人生	1
話齋	1
星期六	1
晏晝	1
兩點	1
外形	1
相近	1
搞錯	1
列	1
進入	1
頻道	1
參加	1
賣國	1
稱呼	1
長途	1
城際	1
初一	1
醋意	1
新版本	1
缺少	1
年年	1
點搞	1
文獻	1
論點	1
修改	1
出過	1
整頓	1
校閱	1
滲透	1
某某	1
躋身	1
一堆	1
喑	1
巴	1
至關重要	1
傾到	1
趁	1
激	1
盡	1
傳承	1
救命	1
咋嘛	1
發帖	1
翡翠	1
萬事大吉	1
警惕	1
入到	1
素	1
出貓	1
咁熟	1
面口	1
直覺	1
對白	1
優先	1
其次	1
貪慕虛榮	1
考究	1
亂用	1
限制	1
經濟	1
降噪	1
挺	1
個例	1
騷擾	1
排	1
純粹	1
至愛	1
非常	1
十分之	1
上堂	1
羽毛球	1
信箱	1
顧	1
踢出	1
抗疫	1
戰時	1
有着數	1
檢討	1
猜想	1
保證	1
準確性	1
通用	1
漢語	1
書面語	1
抑或	1
嚟真	1
無間	1
惡性循環	1
點算	1
裏面	1
無理取鬧	1
都市	1
屋	1
大細	1
傾電話	1
走入	1
虛無	1
家陣	1
換下	1
影視	1
狗肉	1
香	1
重量單位	1
記事本	1
語種	1
幫襯	1
只用	1
復興	1
歌壇	1
突圍而出	1
家底	1
厚	1
冇聲	1
用緊	1
後代	1
公立學校	1
有道理	1
耐心	1
外國	1
家鄉話	1
收錄	1
華埠	1
通用語	1
養成	1
自學	1
貌似	1
化州	1
大戲	1
熟練	1
才華	1
演說	1
明燈	1
玩嘢	1
明顯	1
繁	1
中藥	1
主體	1
重裝	1
計分	1
所謂	1
電子	1
化	1
計畫	1
周總理	1
經已	1
安心	1
有請	1
做到	1
寒酸	1
近排	1
走難	1
夜瞓	1
轉文	1
暫停	1
冇耐	1
另	1
團隊	1
馬上	1
好嘢	1
就讀	1
冇電	1
話卡	1
殘	1
體	1
支援	1
表白	1
國產	1
服務器	1
論	1
英雄	1
亞洲	1
好味	1
依個	1
驚青	1
道理	1
夀	1
抖	1
用開	1
程序	1
慳翻	1
數據流	1
量	1
攬炒	1
起初	1
怕死	1
到家	1
吸血鬼	1
日誌	1
高端	1
舊年	1
社區	1
美觀	1
淘	1
寶	1
團體	1
治療	1
帽	1
披風	1
呼吸	1
疾病	1
欠	1
三國	1
殺入	1
內奸	1
半個	1
忠臣	1
牽強	1
內涵	1
盡力	1
老	1
吸血	1
春天	1
秋天	1
冬天	1
新嘢	1
推介	1
經理	1
掟	1
休息	1
羅定	1
劃	1
勾漏片	1
阿拉伯人	1
吱吱聲	1
就住	1
對面	1
金融中心	1
服務	1
公寓	1
屌絲	1
特徵	1
之一	1
眼神	1
交流	1
超過	1
秒鐘	1
跟上	1
變數	1
名稱	1
無須	1
著	1
出汗	1
重新部署	1
註	1
框	1
詐騙	1
份子	1
無線電視	1
害	1
馬	1
立體感	1
姑姐	1
為例	1
大鑊	1
肇慶	1
本科	1
經濟學	1
畢業	1
嫌疑	1
相關	1
官方	1
爭奪	1
星期五	1
改正	1
刪	1
走去	1
任教	1
特色	1
件衫	1
燙平	1
用家	1
細緻	1
有染	1
髮	1
咩叫	1
客串	1
揸緊	1
轉發	1
